test@test.com1,11111111,11111111
test@test.com2,11111111,11111111
test@test.com3,11111111,11111111
test@test.com4,11111111,11111111
test@test.com5,11111111,11111111
test@test.com6,11111111,11111111
test@test.com7,11111111,11111111
test@test.com8,11111111,11111111
test@test.com9,11111111,11111111
test@test.com10,11111111,11111111
test@test.com11,11111111,11111111
test@test.com12,11111111,11111111
test@test.com13,11111111,11111111
test@test.com14,11111111,11111111
test@test.com15,11111111,11111111
test@test.com16,11111111,11111111
test@test.com17,11111111,11111111
test@test.com18,11111111,11111111
test@test.com19,11111111,11111111
test@test.com20,11111111,11111111
test@test.com21,11111111,11111111
test@test.com22,11111111,11111111
test@test.com23,11111111,11111111
test@test.com24,11111111,11111111
test@test.com25,11111111,11111111
test@test.com26,11111111,11111111
test@test.com27,11111111,11111111
test@test.com28,11111111,11111111
test@test.com29,11111111,11111111
test@test.com30,11111111,11111111
test@test.com31,11111111,11111111
test@test.com32,11111111,11111111
test@test.com33,11111111,11111111
test@test.com34,11111111,11111111
test@test.com35,11111111,11111111
test@test.com36,11111111,11111111
test@test.com37,11111111,11111111
test@test.com38,11111111,11111111
test@test.com39,11111111,11111111
test@test.com40,11111111,11111111
test@test.com41,11111111,11111111
test@test.com42,11111111,11111111
test@test.com43,11111111,11111111
test@test.com44,11111111,11111111
test@test.com45,11111111,11111111
test@test.com46,11111111,11111111
test@test.com47,11111111,11111111
test@test.com48,11111111,11111111
test@test.com49,11111111,11111111
test@test.com50,11111111,11111111
test@test.com51,11111111,11111111
test@test.com52,11111111,11111111
test@test.com53,11111111,11111111
test@test.com54,11111111,11111111
test@test.com55,11111111,11111111
test@test.com56,11111111,11111111
test@test.com57,11111111,11111111
test@test.com58,11111111,11111111
test@test.com59,11111111,11111111
test@test.com60,11111111,11111111
test@test.com61,11111111,11111111
test@test.com62,11111111,11111111
test@test.com63,11111111,11111111
test@test.com64,11111111,11111111
test@test.com65,11111111,11111111
test@test.com66,11111111,11111111
test@test.com67,11111111,11111111
test@test.com68,11111111,11111111
test@test.com69,11111111,11111111
test@test.com70,11111111,11111111
test@test.com71,11111111,11111111
test@test.com72,11111111,11111111
test@test.com73,11111111,11111111
test@test.com74,11111111,11111111
test@test.com75,11111111,11111111
test@test.com76,11111111,11111111
test@test.com77,11111111,11111111
test@test.com78,11111111,11111111
test@test.com79,11111111,11111111
test@test.com80,11111111,11111111
test@test.com81,11111111,11111111
test@test.com82,11111111,11111111
test@test.com83,11111111,11111111
test@test.com84,11111111,11111111
test@test.com85,11111111,11111111
test@test.com86,11111111,11111111
test@test.com87,11111111,11111111
test@test.com88,11111111,11111111
test@test.com89,11111111,11111111
test@test.com90,11111111,11111111
test@test.com91,11111111,11111111
test@test.com92,11111111,11111111
test@test.com93,11111111,11111111
test@test.com94,11111111,11111111
test@test.com95,11111111,11111111
test@test.com96,11111111,11111111
test@test.com97,11111111,11111111
test@test.com98,11111111,11111111
test@test.com99,11111111,11111111
test@test.com100,11111111,11111111
test@test.com101,11111111,11111111
test@test.com102,11111111,11111111
test@test.com103,11111111,11111111
test@test.com104,11111111,11111111
test@test.com105,11111111,11111111
test@test.com106,11111111,11111111
test@test.com107,11111111,11111111
test@test.com108,11111111,11111111
test@test.com109,11111111,11111111
test@test.com110,11111111,11111111
test@test.com111,11111111,11111111
test@test.com112,11111111,11111111
test@test.com113,11111111,11111111
test@test.com114,11111111,11111111
test@test.com115,11111111,11111111
test@test.com116,11111111,11111111
test@test.com117,11111111,11111111
test@test.com118,11111111,11111111
test@test.com119,11111111,11111111
test@test.com120,11111111,11111111
test@test.com121,11111111,11111111
test@test.com122,11111111,11111111
test@test.com123,11111111,11111111
test@test.com124,11111111,11111111
test@test.com125,11111111,11111111
test@test.com126,11111111,11111111
test@test.com127,11111111,11111111
test@test.com128,11111111,11111111
test@test.com129,11111111,11111111
test@test.com130,11111111,11111111
test@test.com131,11111111,11111111
test@test.com132,11111111,11111111
test@test.com133,11111111,11111111
test@test.com134,11111111,11111111
test@test.com135,11111111,11111111
test@test.com136,11111111,11111111
test@test.com137,11111111,11111111
test@test.com138,11111111,11111111
test@test.com139,11111111,11111111
test@test.com140,11111111,11111111
test@test.com141,11111111,11111111
test@test.com142,11111111,11111111
test@test.com143,11111111,11111111
test@test.com144,11111111,11111111
test@test.com145,11111111,11111111
test@test.com146,11111111,11111111
test@test.com147,11111111,11111111
test@test.com148,11111111,11111111
test@test.com149,11111111,11111111
test@test.com150,11111111,11111111
test@test.com151,11111111,11111111
test@test.com152,11111111,11111111
test@test.com153,11111111,11111111
test@test.com154,11111111,11111111
test@test.com155,11111111,11111111
test@test.com156,11111111,11111111
test@test.com157,11111111,11111111
test@test.com158,11111111,11111111
test@test.com159,11111111,11111111
test@test.com160,11111111,11111111
test@test.com161,11111111,11111111
test@test.com162,11111111,11111111
test@test.com163,11111111,11111111
test@test.com164,11111111,11111111
test@test.com165,11111111,11111111
test@test.com166,11111111,11111111
test@test.com167,11111111,11111111
test@test.com168,11111111,11111111
test@test.com169,11111111,11111111
test@test.com170,11111111,11111111
test@test.com171,11111111,11111111
test@test.com172,11111111,11111111
test@test.com173,11111111,11111111
test@test.com174,11111111,11111111
test@test.com175,11111111,11111111
test@test.com176,11111111,11111111
test@test.com177,11111111,11111111
test@test.com178,11111111,11111111
test@test.com179,11111111,11111111
test@test.com180,11111111,11111111
test@test.com181,11111111,11111111
test@test.com182,11111111,11111111
test@test.com183,11111111,11111111
test@test.com184,11111111,11111111
test@test.com185,11111111,11111111
test@test.com186,11111111,11111111
test@test.com187,11111111,11111111
test@test.com188,11111111,11111111
test@test.com189,11111111,11111111
test@test.com190,11111111,11111111
test@test.com191,11111111,11111111
test@test.com192,11111111,11111111
test@test.com193,11111111,11111111
test@test.com194,11111111,11111111
test@test.com195,11111111,11111111
test@test.com196,11111111,11111111
test@test.com197,11111111,11111111
test@test.com198,11111111,11111111
test@test.com199,11111111,11111111
test@test.com200,11111111,11111111
test@test.com201,11111111,11111111
test@test.com202,11111111,11111111
test@test.com203,11111111,11111111
test@test.com204,11111111,11111111
test@test.com205,11111111,11111111
test@test.com206,11111111,11111111
test@test.com207,11111111,11111111
test@test.com208,11111111,11111111
test@test.com209,11111111,11111111
test@test.com210,11111111,11111111
test@test.com211,11111111,11111111
test@test.com212,11111111,11111111
test@test.com213,11111111,11111111
test@test.com214,11111111,11111111
test@test.com215,11111111,11111111
test@test.com216,11111111,11111111
test@test.com217,11111111,11111111
test@test.com218,11111111,11111111
test@test.com219,11111111,11111111
test@test.com220,11111111,11111111
test@test.com221,11111111,11111111
test@test.com222,11111111,11111111
test@test.com223,11111111,11111111
test@test.com224,11111111,11111111
test@test.com225,11111111,11111111
test@test.com226,11111111,11111111
test@test.com227,11111111,11111111
test@test.com228,11111111,11111111
test@test.com229,11111111,11111111
test@test.com230,11111111,11111111
test@test.com231,11111111,11111111
test@test.com232,11111111,11111111
test@test.com233,11111111,11111111
test@test.com234,11111111,11111111
test@test.com235,11111111,11111111
test@test.com236,11111111,11111111
test@test.com237,11111111,11111111
test@test.com238,11111111,11111111
test@test.com239,11111111,11111111
test@test.com240,11111111,11111111
test@test.com241,11111111,11111111
test@test.com242,11111111,11111111
test@test.com243,11111111,11111111
test@test.com244,11111111,11111111
test@test.com245,11111111,11111111
test@test.com246,11111111,11111111
test@test.com247,11111111,11111111
test@test.com248,11111111,11111111
test@test.com249,11111111,11111111
test@test.com250,11111111,11111111
test@test.com251,11111111,11111111
test@test.com252,11111111,11111111
test@test.com253,11111111,11111111
test@test.com254,11111111,11111111
test@test.com255,11111111,11111111
test@test.com256,11111111,11111111
test@test.com257,11111111,11111111
test@test.com258,11111111,11111111
test@test.com259,11111111,11111111
test@test.com260,11111111,11111111
test@test.com261,11111111,11111111
test@test.com262,11111111,11111111
test@test.com263,11111111,11111111
test@test.com264,11111111,11111111
test@test.com265,11111111,11111111
test@test.com266,11111111,11111111
test@test.com267,11111111,11111111
test@test.com268,11111111,11111111
test@test.com269,11111111,11111111
test@test.com270,11111111,11111111
test@test.com271,11111111,11111111
test@test.com272,11111111,11111111
test@test.com273,11111111,11111111
test@test.com274,11111111,11111111
test@test.com275,11111111,11111111
test@test.com276,11111111,11111111
test@test.com277,11111111,11111111
test@test.com278,11111111,11111111
test@test.com279,11111111,11111111
test@test.com280,11111111,11111111
test@test.com281,11111111,11111111
test@test.com282,11111111,11111111
test@test.com283,11111111,11111111
test@test.com284,11111111,11111111
test@test.com285,11111111,11111111
test@test.com286,11111111,11111111
test@test.com287,11111111,11111111
test@test.com288,11111111,11111111
test@test.com289,11111111,11111111
test@test.com290,11111111,11111111
test@test.com291,11111111,11111111
test@test.com292,11111111,11111111
test@test.com293,11111111,11111111
test@test.com294,11111111,11111111
test@test.com295,11111111,11111111
test@test.com296,11111111,11111111
test@test.com297,11111111,11111111
test@test.com298,11111111,11111111
test@test.com299,11111111,11111111
test@test.com300,11111111,11111111
test@test.com301,11111111,11111111
test@test.com302,11111111,11111111
test@test.com303,11111111,11111111
test@test.com304,11111111,11111111
test@test.com305,11111111,11111111
test@test.com306,11111111,11111111
test@test.com307,11111111,11111111
test@test.com308,11111111,11111111
test@test.com309,11111111,11111111
test@test.com310,11111111,11111111
test@test.com311,11111111,11111111
test@test.com312,11111111,11111111
test@test.com313,11111111,11111111
test@test.com314,11111111,11111111
test@test.com315,11111111,11111111
test@test.com316,11111111,11111111
test@test.com317,11111111,11111111
test@test.com318,11111111,11111111
test@test.com319,11111111,11111111
test@test.com320,11111111,11111111
test@test.com321,11111111,11111111
test@test.com322,11111111,11111111
test@test.com323,11111111,11111111
test@test.com324,11111111,11111111
test@test.com325,11111111,11111111
test@test.com326,11111111,11111111
test@test.com327,11111111,11111111
test@test.com328,11111111,11111111
test@test.com329,11111111,11111111
test@test.com330,11111111,11111111
test@test.com331,11111111,11111111
test@test.com332,11111111,11111111
test@test.com333,11111111,11111111
test@test.com334,11111111,11111111
test@test.com335,11111111,11111111
test@test.com336,11111111,11111111
test@test.com337,11111111,11111111
test@test.com338,11111111,11111111
test@test.com339,11111111,11111111
test@test.com340,11111111,11111111
test@test.com341,11111111,11111111
test@test.com342,11111111,11111111
test@test.com343,11111111,11111111
test@test.com344,11111111,11111111
test@test.com345,11111111,11111111
test@test.com346,11111111,11111111
test@test.com347,11111111,11111111
test@test.com348,11111111,11111111
test@test.com349,11111111,11111111
test@test.com350,11111111,11111111
test@test.com351,11111111,11111111
test@test.com352,11111111,11111111
test@test.com353,11111111,11111111
test@test.com354,11111111,11111111
test@test.com355,11111111,11111111
test@test.com356,11111111,11111111
test@test.com357,11111111,11111111
test@test.com358,11111111,11111111
test@test.com359,11111111,11111111
test@test.com360,11111111,11111111
test@test.com361,11111111,11111111
test@test.com362,11111111,11111111
test@test.com363,11111111,11111111
test@test.com364,11111111,11111111
test@test.com365,11111111,11111111
test@test.com366,11111111,11111111
test@test.com367,11111111,11111111
test@test.com368,11111111,11111111
test@test.com369,11111111,11111111
test@test.com370,11111111,11111111
test@test.com371,11111111,11111111
test@test.com372,11111111,11111111
test@test.com373,11111111,11111111
test@test.com374,11111111,11111111
test@test.com375,11111111,11111111
test@test.com376,11111111,11111111
test@test.com377,11111111,11111111
test@test.com378,11111111,11111111
test@test.com379,11111111,11111111
test@test.com380,11111111,11111111
test@test.com381,11111111,11111111
test@test.com382,11111111,11111111
test@test.com383,11111111,11111111
test@test.com384,11111111,11111111
test@test.com385,11111111,11111111
test@test.com386,11111111,11111111
test@test.com387,11111111,11111111
test@test.com388,11111111,11111111
test@test.com389,11111111,11111111
test@test.com390,11111111,11111111
test@test.com391,11111111,11111111
test@test.com392,11111111,11111111
test@test.com393,11111111,11111111
test@test.com394,11111111,11111111
test@test.com395,11111111,11111111
test@test.com396,11111111,11111111
test@test.com397,11111111,11111111
test@test.com398,11111111,11111111
test@test.com399,11111111,11111111
test@test.com400,11111111,11111111
test@test.com401,11111111,11111111
test@test.com402,11111111,11111111
test@test.com403,11111111,11111111
test@test.com404,11111111,11111111
test@test.com405,11111111,11111111
test@test.com406,11111111,11111111
test@test.com407,11111111,11111111
test@test.com408,11111111,11111111
test@test.com409,11111111,11111111
test@test.com410,11111111,11111111
test@test.com411,11111111,11111111
test@test.com412,11111111,11111111
test@test.com413,11111111,11111111
test@test.com414,11111111,11111111
test@test.com415,11111111,11111111
test@test.com416,11111111,11111111
test@test.com417,11111111,11111111
test@test.com418,11111111,11111111
test@test.com419,11111111,11111111
test@test.com420,11111111,11111111
test@test.com421,11111111,11111111
test@test.com422,11111111,11111111
test@test.com423,11111111,11111111
test@test.com424,11111111,11111111
test@test.com425,11111111,11111111
test@test.com426,11111111,11111111
test@test.com427,11111111,11111111
test@test.com428,11111111,11111111
test@test.com429,11111111,11111111
test@test.com430,11111111,11111111
test@test.com431,11111111,11111111
test@test.com432,11111111,11111111
test@test.com433,11111111,11111111
test@test.com434,11111111,11111111
test@test.com435,11111111,11111111
test@test.com436,11111111,11111111
test@test.com437,11111111,11111111
test@test.com438,11111111,11111111
test@test.com439,11111111,11111111
test@test.com440,11111111,11111111
test@test.com441,11111111,11111111
test@test.com442,11111111,11111111
test@test.com443,11111111,11111111
test@test.com444,11111111,11111111
test@test.com445,11111111,11111111
test@test.com446,11111111,11111111
test@test.com447,11111111,11111111
test@test.com448,11111111,11111111
test@test.com449,11111111,11111111
test@test.com450,11111111,11111111
test@test.com451,11111111,11111111
test@test.com452,11111111,11111111
test@test.com453,11111111,11111111
test@test.com454,11111111,11111111
test@test.com455,11111111,11111111
test@test.com456,11111111,11111111
test@test.com457,11111111,11111111
test@test.com458,11111111,11111111
test@test.com459,11111111,11111111
test@test.com460,11111111,11111111
test@test.com461,11111111,11111111
test@test.com462,11111111,11111111
test@test.com463,11111111,11111111
test@test.com464,11111111,11111111
test@test.com465,11111111,11111111
test@test.com466,11111111,11111111
test@test.com467,11111111,11111111
test@test.com468,11111111,11111111
test@test.com469,11111111,11111111
test@test.com470,11111111,11111111
test@test.com471,11111111,11111111
test@test.com472,11111111,11111111
test@test.com473,11111111,11111111
test@test.com474,11111111,11111111
test@test.com475,11111111,11111111
test@test.com476,11111111,11111111
test@test.com477,11111111,11111111
test@test.com478,11111111,11111111
test@test.com479,11111111,11111111
test@test.com480,11111111,11111111
test@test.com481,11111111,11111111
test@test.com482,11111111,11111111
test@test.com483,11111111,11111111
test@test.com484,11111111,11111111
test@test.com485,11111111,11111111
test@test.com486,11111111,11111111
test@test.com487,11111111,11111111
test@test.com488,11111111,11111111
test@test.com489,11111111,11111111
test@test.com490,11111111,11111111
test@test.com491,11111111,11111111
test@test.com492,11111111,11111111
test@test.com493,11111111,11111111
test@test.com494,11111111,11111111
test@test.com495,11111111,11111111
test@test.com496,11111111,11111111
test@test.com497,11111111,11111111
test@test.com498,11111111,11111111
test@test.com499,11111111,11111111
test@test.com500,11111111,11111111
test@test.com501,11111111,11111111
test@test.com502,11111111,11111111
test@test.com503,11111111,11111111
test@test.com504,11111111,11111111
test@test.com505,11111111,11111111
test@test.com506,11111111,11111111
test@test.com507,11111111,11111111
test@test.com508,11111111,11111111
test@test.com509,11111111,11111111
test@test.com510,11111111,11111111
test@test.com511,11111111,11111111
test@test.com512,11111111,11111111
test@test.com513,11111111,11111111
test@test.com514,11111111,11111111
test@test.com515,11111111,11111111
test@test.com516,11111111,11111111
test@test.com517,11111111,11111111
test@test.com518,11111111,11111111
test@test.com519,11111111,11111111
test@test.com520,11111111,11111111
test@test.com521,11111111,11111111
test@test.com522,11111111,11111111
test@test.com523,11111111,11111111
test@test.com524,11111111,11111111
test@test.com525,11111111,11111111
test@test.com526,11111111,11111111
test@test.com527,11111111,11111111
test@test.com528,11111111,11111111
test@test.com529,11111111,11111111
test@test.com530,11111111,11111111
test@test.com531,11111111,11111111
test@test.com532,11111111,11111111
test@test.com533,11111111,11111111
test@test.com534,11111111,11111111
test@test.com535,11111111,11111111
test@test.com536,11111111,11111111
test@test.com537,11111111,11111111
test@test.com538,11111111,11111111
test@test.com539,11111111,11111111
test@test.com540,11111111,11111111
test@test.com541,11111111,11111111
test@test.com542,11111111,11111111
test@test.com543,11111111,11111111
test@test.com544,11111111,11111111
test@test.com545,11111111,11111111
test@test.com546,11111111,11111111
test@test.com547,11111111,11111111
test@test.com548,11111111,11111111
test@test.com549,11111111,11111111
test@test.com550,11111111,11111111
test@test.com551,11111111,11111111
test@test.com552,11111111,11111111
test@test.com553,11111111,11111111
test@test.com554,11111111,11111111
test@test.com555,11111111,11111111
test@test.com556,11111111,11111111
test@test.com557,11111111,11111111
test@test.com558,11111111,11111111
test@test.com559,11111111,11111111
test@test.com560,11111111,11111111
test@test.com561,11111111,11111111
test@test.com562,11111111,11111111
test@test.com563,11111111,11111111
test@test.com564,11111111,11111111
test@test.com565,11111111,11111111
test@test.com566,11111111,11111111
test@test.com567,11111111,11111111
test@test.com568,11111111,11111111
test@test.com569,11111111,11111111
test@test.com570,11111111,11111111
test@test.com571,11111111,11111111
test@test.com572,11111111,11111111
test@test.com573,11111111,11111111
test@test.com574,11111111,11111111
test@test.com575,11111111,11111111
test@test.com576,11111111,11111111
test@test.com577,11111111,11111111
test@test.com578,11111111,11111111
test@test.com579,11111111,11111111
test@test.com580,11111111,11111111
test@test.com581,11111111,11111111
test@test.com582,11111111,11111111
test@test.com583,11111111,11111111
test@test.com584,11111111,11111111
test@test.com585,11111111,11111111
test@test.com586,11111111,11111111
test@test.com587,11111111,11111111
test@test.com588,11111111,11111111
test@test.com589,11111111,11111111
test@test.com590,11111111,11111111
test@test.com591,11111111,11111111
test@test.com592,11111111,11111111
test@test.com593,11111111,11111111
test@test.com594,11111111,11111111
test@test.com595,11111111,11111111
test@test.com596,11111111,11111111
test@test.com597,11111111,11111111
test@test.com598,11111111,11111111
test@test.com599,11111111,11111111
test@test.com600,11111111,11111111
test@test.com601,11111111,11111111
test@test.com602,11111111,11111111
test@test.com603,11111111,11111111
test@test.com604,11111111,11111111
test@test.com605,11111111,11111111
test@test.com606,11111111,11111111
test@test.com607,11111111,11111111
test@test.com608,11111111,11111111
test@test.com609,11111111,11111111
test@test.com610,11111111,11111111
test@test.com611,11111111,11111111
test@test.com612,11111111,11111111
test@test.com613,11111111,11111111
test@test.com614,11111111,11111111
test@test.com615,11111111,11111111
test@test.com616,11111111,11111111
test@test.com617,11111111,11111111
test@test.com618,11111111,11111111
test@test.com619,11111111,11111111
test@test.com620,11111111,11111111
test@test.com621,11111111,11111111
test@test.com622,11111111,11111111
test@test.com623,11111111,11111111
test@test.com624,11111111,11111111
test@test.com625,11111111,11111111
test@test.com626,11111111,11111111
test@test.com627,11111111,11111111
test@test.com628,11111111,11111111
test@test.com629,11111111,11111111
test@test.com630,11111111,11111111
test@test.com631,11111111,11111111
test@test.com632,11111111,11111111
test@test.com633,11111111,11111111
test@test.com634,11111111,11111111
test@test.com635,11111111,11111111
test@test.com636,11111111,11111111
test@test.com637,11111111,11111111
test@test.com638,11111111,11111111
test@test.com639,11111111,11111111
test@test.com640,11111111,11111111
test@test.com641,11111111,11111111
test@test.com642,11111111,11111111
test@test.com643,11111111,11111111
test@test.com644,11111111,11111111
test@test.com645,11111111,11111111
test@test.com646,11111111,11111111
test@test.com647,11111111,11111111
test@test.com648,11111111,11111111
test@test.com649,11111111,11111111
test@test.com650,11111111,11111111
test@test.com651,11111111,11111111
test@test.com652,11111111,11111111
test@test.com653,11111111,11111111
test@test.com654,11111111,11111111
test@test.com655,11111111,11111111
test@test.com656,11111111,11111111
test@test.com657,11111111,11111111
test@test.com658,11111111,11111111
test@test.com659,11111111,11111111
test@test.com660,11111111,11111111
test@test.com661,11111111,11111111
test@test.com662,11111111,11111111
test@test.com663,11111111,11111111
test@test.com664,11111111,11111111
test@test.com665,11111111,11111111
test@test.com666,11111111,11111111
test@test.com667,11111111,11111111
test@test.com668,11111111,11111111
test@test.com669,11111111,11111111
test@test.com670,11111111,11111111
test@test.com671,11111111,11111111
test@test.com672,11111111,11111111
test@test.com673,11111111,11111111
test@test.com674,11111111,11111111
test@test.com675,11111111,11111111
test@test.com676,11111111,11111111
test@test.com677,11111111,11111111
test@test.com678,11111111,11111111
test@test.com679,11111111,11111111
test@test.com680,11111111,11111111
test@test.com681,11111111,11111111
test@test.com682,11111111,11111111
test@test.com683,11111111,11111111
test@test.com684,11111111,11111111
test@test.com685,11111111,11111111
test@test.com686,11111111,11111111
test@test.com687,11111111,11111111
test@test.com688,11111111,11111111
test@test.com689,11111111,11111111
test@test.com690,11111111,11111111
test@test.com691,11111111,11111111
test@test.com692,11111111,11111111
test@test.com693,11111111,11111111
test@test.com694,11111111,11111111
test@test.com695,11111111,11111111
test@test.com696,11111111,11111111
test@test.com697,11111111,11111111
test@test.com698,11111111,11111111
test@test.com699,11111111,11111111
test@test.com700,11111111,11111111
test@test.com701,11111111,11111111
test@test.com702,11111111,11111111
test@test.com703,11111111,11111111
test@test.com704,11111111,11111111
test@test.com705,11111111,11111111
test@test.com706,11111111,11111111
test@test.com707,11111111,11111111
test@test.com708,11111111,11111111
test@test.com709,11111111,11111111
test@test.com710,11111111,11111111
test@test.com711,11111111,11111111
test@test.com712,11111111,11111111
test@test.com713,11111111,11111111
test@test.com714,11111111,11111111
test@test.com715,11111111,11111111
test@test.com716,11111111,11111111
test@test.com717,11111111,11111111
test@test.com718,11111111,11111111
test@test.com719,11111111,11111111
test@test.com720,11111111,11111111
test@test.com721,11111111,11111111
test@test.com722,11111111,11111111
test@test.com723,11111111,11111111
test@test.com724,11111111,11111111
test@test.com725,11111111,11111111
test@test.com726,11111111,11111111
test@test.com727,11111111,11111111
test@test.com728,11111111,11111111
test@test.com729,11111111,11111111
test@test.com730,11111111,11111111
test@test.com731,11111111,11111111
test@test.com732,11111111,11111111
test@test.com733,11111111,11111111
test@test.com734,11111111,11111111
test@test.com735,11111111,11111111
test@test.com736,11111111,11111111
test@test.com737,11111111,11111111
test@test.com738,11111111,11111111
test@test.com739,11111111,11111111
test@test.com740,11111111,11111111
test@test.com741,11111111,11111111
test@test.com742,11111111,11111111
test@test.com743,11111111,11111111
test@test.com744,11111111,11111111
test@test.com745,11111111,11111111
test@test.com746,11111111,11111111
test@test.com747,11111111,11111111
test@test.com748,11111111,11111111
test@test.com749,11111111,11111111
test@test.com750,11111111,11111111
test@test.com751,11111111,11111111
test@test.com752,11111111,11111111
test@test.com753,11111111,11111111
test@test.com754,11111111,11111111
test@test.com755,11111111,11111111
test@test.com756,11111111,11111111
test@test.com757,11111111,11111111
test@test.com758,11111111,11111111
test@test.com759,11111111,11111111
test@test.com760,11111111,11111111
test@test.com761,11111111,11111111
test@test.com762,11111111,11111111
test@test.com763,11111111,11111111
test@test.com764,11111111,11111111
test@test.com765,11111111,11111111
test@test.com766,11111111,11111111
test@test.com767,11111111,11111111
test@test.com768,11111111,11111111
test@test.com769,11111111,11111111
test@test.com770,11111111,11111111
test@test.com771,11111111,11111111
test@test.com772,11111111,11111111
test@test.com773,11111111,11111111
test@test.com774,11111111,11111111
test@test.com775,11111111,11111111
test@test.com776,11111111,11111111
test@test.com777,11111111,11111111
test@test.com778,11111111,11111111
test@test.com779,11111111,11111111
test@test.com780,11111111,11111111
test@test.com781,11111111,11111111
test@test.com782,11111111,11111111
test@test.com783,11111111,11111111
test@test.com784,11111111,11111111
test@test.com785,11111111,11111111
test@test.com786,11111111,11111111
test@test.com787,11111111,11111111
test@test.com788,11111111,11111111
test@test.com789,11111111,11111111
test@test.com790,11111111,11111111
test@test.com791,11111111,11111111
test@test.com792,11111111,11111111
test@test.com793,11111111,11111111
test@test.com794,11111111,11111111
test@test.com795,11111111,11111111
test@test.com796,11111111,11111111
test@test.com797,11111111,11111111
test@test.com798,11111111,11111111
test@test.com799,11111111,11111111
test@test.com800,11111111,11111111
test@test.com801,11111111,11111111
test@test.com802,11111111,11111111
test@test.com803,11111111,11111111
test@test.com804,11111111,11111111
test@test.com805,11111111,11111111
test@test.com806,11111111,11111111
test@test.com807,11111111,11111111
test@test.com808,11111111,11111111
test@test.com809,11111111,11111111
test@test.com810,11111111,11111111
test@test.com811,11111111,11111111
test@test.com812,11111111,11111111
test@test.com813,11111111,11111111
test@test.com814,11111111,11111111
test@test.com815,11111111,11111111
test@test.com816,11111111,11111111
test@test.com817,11111111,11111111
test@test.com818,11111111,11111111
test@test.com819,11111111,11111111
test@test.com820,11111111,11111111
test@test.com821,11111111,11111111
test@test.com822,11111111,11111111
test@test.com823,11111111,11111111
test@test.com824,11111111,11111111
test@test.com825,11111111,11111111
test@test.com826,11111111,11111111
test@test.com827,11111111,11111111
test@test.com828,11111111,11111111
test@test.com829,11111111,11111111
test@test.com830,11111111,11111111
test@test.com831,11111111,11111111
test@test.com832,11111111,11111111
test@test.com833,11111111,11111111
test@test.com834,11111111,11111111
test@test.com835,11111111,11111111
test@test.com836,11111111,11111111
test@test.com837,11111111,11111111
test@test.com838,11111111,11111111
test@test.com839,11111111,11111111
test@test.com840,11111111,11111111
test@test.com841,11111111,11111111
test@test.com842,11111111,11111111
test@test.com843,11111111,11111111
test@test.com844,11111111,11111111
test@test.com845,11111111,11111111
test@test.com846,11111111,11111111
test@test.com847,11111111,11111111
test@test.com848,11111111,11111111
test@test.com849,11111111,11111111
test@test.com850,11111111,11111111
test@test.com851,11111111,11111111
test@test.com852,11111111,11111111
test@test.com853,11111111,11111111
test@test.com854,11111111,11111111
test@test.com855,11111111,11111111
test@test.com856,11111111,11111111
test@test.com857,11111111,11111111
test@test.com858,11111111,11111111
test@test.com859,11111111,11111111
test@test.com860,11111111,11111111
test@test.com861,11111111,11111111
test@test.com862,11111111,11111111
test@test.com863,11111111,11111111
test@test.com864,11111111,11111111
test@test.com865,11111111,11111111
test@test.com866,11111111,11111111
test@test.com867,11111111,11111111
test@test.com868,11111111,11111111
test@test.com869,11111111,11111111
test@test.com870,11111111,11111111
test@test.com871,11111111,11111111
test@test.com872,11111111,11111111
test@test.com873,11111111,11111111
test@test.com874,11111111,11111111
test@test.com875,11111111,11111111
test@test.com876,11111111,11111111
test@test.com877,11111111,11111111
test@test.com878,11111111,11111111
test@test.com879,11111111,11111111
test@test.com880,11111111,11111111
test@test.com881,11111111,11111111
test@test.com882,11111111,11111111
test@test.com883,11111111,11111111
test@test.com884,11111111,11111111
test@test.com885,11111111,11111111
test@test.com886,11111111,11111111
test@test.com887,11111111,11111111
test@test.com888,11111111,11111111
test@test.com889,11111111,11111111
test@test.com890,11111111,11111111
test@test.com891,11111111,11111111
test@test.com892,11111111,11111111
test@test.com893,11111111,11111111
test@test.com894,11111111,11111111
test@test.com895,11111111,11111111
test@test.com896,11111111,11111111
test@test.com897,11111111,11111111
test@test.com898,11111111,11111111
test@test.com899,11111111,11111111
test@test.com900,11111111,11111111
test@test.com901,11111111,11111111
test@test.com902,11111111,11111111
test@test.com903,11111111,11111111
test@test.com904,11111111,11111111
test@test.com905,11111111,11111111
test@test.com906,11111111,11111111
test@test.com907,11111111,11111111
test@test.com908,11111111,11111111
test@test.com909,11111111,11111111
test@test.com910,11111111,11111111
test@test.com911,11111111,11111111
test@test.com912,11111111,11111111
test@test.com913,11111111,11111111
test@test.com914,11111111,11111111
test@test.com915,11111111,11111111
test@test.com916,11111111,11111111
test@test.com917,11111111,11111111
test@test.com918,11111111,11111111
test@test.com919,11111111,11111111
test@test.com920,11111111,11111111
test@test.com921,11111111,11111111
test@test.com922,11111111,11111111
test@test.com923,11111111,11111111
test@test.com924,11111111,11111111
test@test.com925,11111111,11111111
test@test.com926,11111111,11111111
test@test.com927,11111111,11111111
test@test.com928,11111111,11111111
test@test.com929,11111111,11111111
test@test.com930,11111111,11111111
test@test.com931,11111111,11111111
test@test.com932,11111111,11111111
test@test.com933,11111111,11111111
test@test.com934,11111111,11111111
test@test.com935,11111111,11111111
test@test.com936,11111111,11111111
test@test.com937,11111111,11111111
test@test.com938,11111111,11111111
test@test.com939,11111111,11111111
test@test.com940,11111111,11111111
test@test.com941,11111111,11111111
test@test.com942,11111111,11111111
test@test.com943,11111111,11111111
test@test.com944,11111111,11111111
test@test.com945,11111111,11111111
test@test.com946,11111111,11111111
test@test.com947,11111111,11111111
test@test.com948,11111111,11111111
test@test.com949,11111111,11111111
test@test.com950,11111111,11111111
test@test.com951,11111111,11111111
test@test.com952,11111111,11111111
test@test.com953,11111111,11111111
test@test.com954,11111111,11111111
test@test.com955,11111111,11111111
test@test.com956,11111111,11111111
test@test.com957,11111111,11111111
test@test.com958,11111111,11111111
test@test.com959,11111111,11111111
test@test.com960,11111111,11111111
test@test.com961,11111111,11111111
test@test.com962,11111111,11111111
test@test.com963,11111111,11111111
test@test.com964,11111111,11111111
test@test.com965,11111111,11111111
test@test.com966,11111111,11111111
test@test.com967,11111111,11111111
test@test.com968,11111111,11111111
test@test.com969,11111111,11111111
test@test.com970,11111111,11111111
test@test.com971,11111111,11111111
test@test.com972,11111111,11111111
test@test.com973,11111111,11111111
test@test.com974,11111111,11111111
test@test.com975,11111111,11111111
test@test.com976,11111111,11111111
test@test.com977,11111111,11111111
test@test.com978,11111111,11111111
test@test.com979,11111111,11111111
test@test.com980,11111111,11111111
test@test.com981,11111111,11111111
test@test.com982,11111111,11111111
test@test.com983,11111111,11111111
test@test.com984,11111111,11111111
test@test.com985,11111111,11111111
test@test.com986,11111111,11111111
test@test.com987,11111111,11111111
test@test.com988,11111111,11111111
test@test.com989,11111111,11111111
test@test.com990,11111111,11111111
test@test.com991,11111111,11111111
test@test.com992,11111111,11111111
test@test.com993,11111111,11111111
test@test.com994,11111111,11111111
test@test.com995,11111111,11111111
test@test.com996,11111111,11111111
test@test.com997,11111111,11111111
test@test.com998,11111111,11111111
test@test.com999,11111111,11111111
test@test.com1000,11111111,11111111
