Bordeaux,6,1,123.45678,123.45678,4,3,3,1,2012,,3,,Ch. Moulinat,1,0.99
Riserva Dosaggio Zero,31,1,123.45678,123.45678,3,3,4,4,2004,,3,8000,Villa Crespia Franciacorta,1,0.99
完熟ぶどうのおいしいワイン,43,1,123.45678,123.45678,1,3,1,1,2014,,3,999,メルシャン,1,0.99
Soave,31,1,123.45678,123.45678,2,3,4,2,2013,,3,999,Poggio al Sale,1,0.99
完熟ぶどうのおいしいワイン ブラン,43,1,123.45678,123.45678,1,3,1,2,2014,,3,999,メルシャン,1,0.99
Brut,31,1,123.45678,123.45678,3,3,3,4,,,3,1250,Martini,1,0.99
Sauvignon Blanc,53,1,123.45678,123.45678,2,3,2,2,2013,,4,999,McGuigan Estate,1,0.99
Merlot,53,1,123.45678,123.45678,3,3,3,1,2013,,4,999,McGuigan Estate,1,0.99
Sauvignon Blanc,44,1,123.45678,123.45678,2,3,4,2,2013,,3,1250,kapuka,1,0.99
Madonna della scoperta,31,1,123.45678,123.45678,3,3,4,2,2009,,4,6000,Perla del Garda,1,0.99
Ombrone Sant' Antimo,31,1,123.45678,123.45678,4,3,3,1,2010,,3,8000,Cupano,1,0.99
Cabernet Sauvignon Reserva,87,1,123.45678,123.45678,2,3,4,1,2011,,2,1250,J. Joostenberg,1,0.99
Malbec,77,1,123.45678,123.45678,4,3,2,1,2013,,3,999,Altosur,1,0.99
Chardonney,77,1,123.45678,123.45678,2,3,2,2,2013,,2,999,Altosur,1,0.99
Malbec,77,1,123.45678,123.45678,3,3,2,1,2013,,3,999,Santa Ana,1,0.99
Tempranillo Crianza,118,1,123.45678,123.45678,5,3,1,1,,,3,1750,Gladium,1,0.99
Neo Vivir Vivir,118,1,123.45678,123.45678,3,3,4,1,,,3,1250,Bodegas Conde,1,0.99
Schioppettino,31,1,123.45678,123.45678,5,3,4,1,2007,,4,6000,Moschioni Colli Orientali del Friuli,1,0.99
Donpa Aglianico del Vulture,31,1,123.45678,123.45678,4,3,4,1,2009,,3,1250,Regio Cantina,1,0.99
Mia Tinto,118,1,123.45678,123.45678,3,3,2,1,2012,,2,1250,Freixenet,1,0.99
Pink Moscato,53,1,123.45678,123.45678,2,3,2,3,,,3,999,Yellow Tail,1,0.99
Carmenere,128,1,123.45678,123.45678,4,3,2,1,2012,,2,1250,Root: 1,1,0.99
Kozana,144,1,123.45678,123.45678,4,3,3,2,2009,,4,8000,Edi Simcic,1,0.99
Cabernet Sauvignon,151,1,123.45678,123.45678,3,3,3,1,,,4,1250,Carlo Rossi,1,0.99
Syrah,118,1,123.45678,123.45678,3,3,3,1,2011,,3,1250,Penascal Estate,1,0.99
Sauvignon Blanc,118,1,123.45678,123.45678,3,3,3,2,2011,,3,1250,Penascal Estate,1,0.99
California Chardonnay,151,1,123.45678,123.45678,2,3,3,2,,,3,1250,Carlo Rossi,1,0.99
Vaucluse,6,1,123.45678,123.45678,3,3,3,1,,,2,999,Cuvee des Lanciers,1,0.99
Cotes da Gascogne,6,1,123.45678,123.45678,2,3,4,2,,,2,999,Cuvee des Lanciers,1,0.99
Pinot Noir,128,1,123.45678,123.45678,3,3,3,1,2011,,3,1250,Llai Llai,1,0.99
Bolgheri Superiore,31,1,123.45678,123.45678,3,3,3,1,2009,,3,20000,I Luoghi Campo al Fico,1,0.99
酸化防止剤無添加 おいしい赤ワイン まろやかテイスト,43,1,123.45678,123.45678,2,3,2,1,2014,,2,999,メルシャン,1,0.99
酸化防止剤無添加 おいしい白ワイン すっきり,43,1,123.45678,123.45678,3,3,1,2,2014,,2,999,メルシャン,1,0.99
Carmenere Reserva,128,1,123.45678,123.45678,4,3,2,1,2012,,3,1250,Explorer,1,0.99
Chapeau Bleu Rouge,6,1,123.45678,123.45678,2,3,4,1,,,3,999,Aujoux,1,0.99
Yosemite Road Cabernet Sauvignon,151,1,123.45678,123.45678,2,3,2,1,,,3,999,Seven Eleven,1,0.99
Yosemite Road Chardonnay,151,1,123.45678,123.45678,2,3,5,2,,,2,999,Seven Eleven,1,0.99
Premium,6,1,123.45678,123.45678,3,3,3,1,2011,,2,1250,Beau Rivage,1,0.99
Vinga da Solagna,31,1,123.45678,123.45678,3,3,3,1,2006,,3,6000,Lucesole,1,0.99
Brut Rose,6,1,123.45678,123.45678,2,3,2,4,,,3,4000,Paul Goerg,1,0.99
Sonoma County Old Vine Zinfandel,151,1,123.45678,123.45678,4,3,2,1,2010,,3,,Ravenswood,1,0.99
Angelo Moscato Spumante,31,1,123.45678,123.45678,2,3,2,4,,,3,999,Perlino,1,0.99
Corralillo Chardonnay,128,1,123.45678,123.45678,2,3,2,2,2012,,3,999,Matetic Vineyards,1,0.99
Corralillo Syrah,128,1,123.45678,123.45678,4,3,3,1,2011,,4,999,Matetic Vineyards,1,0.99
Vinho Verde,47,1,123.45678,123.45678,2,3,2,4,,,3,999,Gatao,1,0.99
White Chardonnay,6,1,123.45678,123.45678,3,3,4,2,2011,,3,999,Bree,1,0.99
Red Merlot,6,1,123.45678,123.45678,2,3,2,1,2011,,3,999,Bree,1,0.99
Beaujolais Villages Nouveau Vieilles Vignes,6,1,123.45678,123.45678,2,3,3,1,2013,,2,1250,Charles Drapier,1,0.99
Winemakers Collection Chardonnay,87,1,123.45678,123.45678,2,3,1,2,2012,,3,999,Drostdy Hof,1,0.99
Maipe Torrontes,77,1,123.45678,123.45678,2,3,4,2,,,3,999,Chakana,1,0.99
Sauvignon Blanc,128,1,123.45678,123.45678,1,3,4,2,,,3,999,Alegremente,1,0.99
Scpio,31,1,123.45678,123.45678,3,3,3,1,2007,,4,20000,Tenuta dei Sete Cieli,1,0.99
Cabernet Sauvignon,128,1,123.45678,123.45678,2,3,2,1,,,3,999,Alegremente,1,0.99
Rouge,6,1,123.45678,123.45678,4,3,2,1,2009,,3,,Ch. Moulin de Bernat,1,0.99
La Escondida Malbec,77,1,123.45678,123.45678,3,3,2,1,2012,,2,999,Finca,1,0.99
Bollicine Brut Rose,31,1,123.45678,123.45678,3,3,3,4,,,3,1250,Perlino,1,0.99
Kakovostno Anfora,144,1,123.45678,123.45678,3,3,3,2,2006,,5,20000,Kabaj,1,0.99
Nero d'Avola Syrah,31,1,123.45678,123.45678,4,3,4,1,2011,,2,999,Feudo Zirtari,1,0.99
Cabernet Sauvignon delle Venezie,31,1,123.45678,123.45678,3,3,3,1,2010,,2,999,oneglass wine,1,0.99
Vermentino Toscana,31,1,123.45678,123.45678,3,3,3,2,2011,,2,999,oneglass wine,1,0.99
Reserva Cabernet Sauvignon,128,1,123.45678,123.45678,4,3,2,1,,,2,1250,Caliterra,1,0.99
Reserva Chardonnay,128,1,123.45678,123.45678,2,3,2,2,2012,,2,1250,Caliterra,1,0.99
Nero d'Avola Syrah,31,1,123.45678,123.45678,3,3,3,1,2011,,,,Feudo Zirtari,1,0.99
Chardonney,31,1,123.45678,123.45678,3,3,3,2,2012,,,,Feudo Zirtari,1,0.99
Cabernet Sauvignon delle Venezie,31,1,123.45678,123.45678,3,3,3,1,2010,,,,oneglass wine,1,0.99
Vermentino Toscana,31,1,123.45678,123.45678,3,3,3,2,2011,,,,oneglass wine,1,0.99
Reserva Cabernet Sauvignon,128,1,123.45678,123.45678,3,3,3,1,,,,,Caliterra,1,0.99
Bonne journee マスカット甲州種,43,1,123.45678,123.45678,3,3,3,2,2013,,,,,1,0.99
Reserva Chardonnay,128,1,123.45678,123.45678,3,3,3,2,,,,,Caliterra,1,0.99
いちごワイン,43,1,123.45678,123.45678,3,3,3,5,,,,,,1,0.99
Cabernet Sauvignon,128,1,123.45678,123.45678,3,3,3,1,,,,,Vinostar,1,0.99
Sauvignon Semillion,128,1,123.45678,123.45678,3,3,3,2,,,,,Vinostar,1,0.99
那須の原,43,1,123.45678,123.45678,3,3,3,2,,,,,,1,0.99
那須の原,43,1,123.45678,123.45678,3,3,3,1,,,,,,1,0.99
Doc Fumin,31,1,123.45678,123.45678,3,3,3,1,2011,,,,,1,0.99
Quinta Chardonnay,128,1,123.45678,123.45678,3,3,3,2,2012,,,,,1,0.99
Gamay'fizz,6,1,123.45678,123.45678,3,3,3,4,2008,,,,,1,0.99
葡萄の城 Cellar Blanc,43,1,123.45678,123.45678,3,3,3,2,,,,,,1,0.99
Tinto,118,1,123.45678,123.45678,3,3,3,1,2011,,,,Castro Regio,1,0.99
Fresita,128,1,123.45678,123.45678,3,3,3,4,2012,,,,,1,0.99
Vermentino Aimone Vermentino ,31,1,123.45678,123.45678,3,3,3,2,2012,,,,,1,0.99
越後雪季 南魚沼市産メルロー,43,1,123.45678,123.45678,3,3,3,2,2007,,,,,1,0.99
Grenache,118,1,123.45678,123.45678,3,3,3,1,2008,,,,Castillo de Tafalla,1,0.99
ビウラ,118,1,123.45678,123.45678,3,3,3,2,2012,,,,Hacienda Uvanis,1,0.99
王様の涙 マカベロ・チャレロ・パレリャダ,118,1,123.45678,123.45678,3,3,3,1,2012,,,,,1,0.99
Tempranillo,118,1,123.45678,123.45678,3,3,3,1,2012,,,,Los Molinos,1,0.99
Sauvignon Blanc Tempranillo,31,1,123.45678,123.45678,3,3,3,4,,,,,Leggaro,1,0.99
甲州穂坂収穫 甲州種,43,1,123.45678,123.45678,3,3,3,2,2012,,,,,1,0.99
"Riserva ""Titinge"" モンテプルチアーノ",31,1,123.45678,123.45678,3,3,3,1,2009,,,,,1,0.99
王様の涙 マカベロ・チャレロ・パレリャダ,118,1,123.45678,123.45678,3,3,3,2,2012,,,,,1,0.99
Rosado Merlot Syrah Petit Verdot Cabernet Sauvignon,118,1,123.45678,123.45678,3,3,3,3,2011,,,,Arrayan,1,0.99
Altico,118,1,123.45678,123.45678,3,3,3,1,2007,,,,,1,0.99
Bordeaux,6,1,123.45678,123.45678,3,3,3,2,2011,,,,Ch. les Tuileries,1,0.99
Chiavennasca,31,1,123.45678,123.45678,3,3,3,1,2009,,,,Dirupi,1,0.99
Sauvignon Blanc,6,1,123.45678,123.45678,3,3,3,2,2009,,,,Brumont,1,0.99
Sauvignon Blanc,44,1,123.45678,123.45678,3,3,3,4,2012,,,,Sileni,1,0.99
酸化防止剤無添加のおいしいワイン,43,1,123.45678,123.45678,3,3,3,2,,,,,,1,0.99
Tempranillo,118,1,123.45678,123.45678,3,3,3,2,2012,,,,Los Molinos,1,0.99
ora Sangiovese,31,1,123.45678,123.45678,3,3,3,1,2009,,,,,1,0.99
Tapas Medium Body,118,1,123.45678,123.45678,3,3,3,1,2009,,,,El Miracle,1,0.99
Eン,217,6,308.59822,622.77784,1,2,3,1,1921,,3,23000,株式会社 ワイナリ,239,0.8689163
Qン,154,4,539.42593,39.69987,2,3,1,4,1925,,5,27000,ワイナリーカンパニー,803,0.19822842
Aン,192,2,556.51984,358.53422,4,4,4,1,1942,,4,31000,ワイナリ,87,0.8961109
Mン,50,6,955.30595,143.93879,5,5,5,3,1931,,,95000,株式会社 ワイナリ,893,0.9450234
Qン,146,2,403.71676,617.92784,2,4,1,2,1977,,4,87000,ワイナリ社,538,0.47535706
Tン,112,3,685.94726,223.40966,5,3,4,2,1987,,1,46000,ワイナリーカンパニー,259,0.080969095
Nン,47,5,275.62809,532.76002,4,5,3,4,1933,,3,46000,ワイナリ社,130,0.7095121
Zン,63,1,643.25553,339.64585,3,2,4,3,1916,,5,63000,株式会社 ワイナリ,43,0.29250854
Vン,23,6,879.5238,41.73294,2,4,3,4,1957,,5,5000,ワイナリ社,174,0.5888341
Lン,132,5,423.21002,959.21017,2,4,1,1,2004,,,65000,ワイナリ社,794,0.41400242
Wン,176,2,652.1108,307.13722,5,3,5,5,1993,,2,51000,自家製,725,0.3676678
Oン,192,4,389.33101,72.88112,4,2,2,3,2002,,,27000,自家製,695,0.87122804
Hン,39,5,877.42903,800.34726,5,1,2,2,1964,,,33000,ワイナリーカンパニー,141,0.28681582
Hン,125,2,357.81753,426.65009,1,5,2,2,,,2,19000,株式会社ワイナリ,539,0.88219184
Hン,121,4,990.52675,249.43869,2,2,4,1,1941,,3,86000,ワイナリ社,820,0.30470693
Hン,69,2,420.17229,371.28997,1,2,1,4,1986,,2,67000,成流製造会社,914,0.8363778
Zン,226,5,782.84363,222.87933,1,2,5,5,1935,,,75000,自家製,206,0.37619245
Mン,201,1,264.2069,202.18206,1,4,1,3,1980,,1,20000,夜月ビール社,24,0.072574615
Yン,231,4,487.20373,86.21882,5,3,5,5,1981,,1,51000,自家製,81,0.1630922
Dン,94,5,443.76161,645.354,5,1,4,4,1927,,4,3000,株式会社 ワイナリ,165,0.18461162
Hン,113,6,48.3776,132.78382,4,3,5,2,1933,,5,54000,株式会社ワイナリ,108,0.34343767
Rン,20,4,787.6335,771.854,3,3,1,2,,,1,97000,自家製,192,0.5201929
Xン,174,1,682.6846,609.26417,3,4,3,4,1926,,3,28000,成流製造会社,462,0.23161805
Vン,154,5,625.72559,502.1338,3,4,3,5,2003,,3,97000,株式会社 ワイナリ,27,0.6935721
Jン,199,6,89.66313,371.4173,2,2,3,1,1962,,3,,成流製造会社,317,0.6459299
Qン,47,1,390.30452,971.94108,2,3,3,2,1993,,1,8000,ダミーカンパニー社,459,0.7056832
Cン,95,4,363.52423,749.89964,1,2,3,3,1996,,5,7000,夜月ビール社,386,0.76304305
Pン,21,3,562.57145,123.67718,1,3,5,2,1955,,5,65000,WC社,290,0.4054442
Tン,17,1,979.41769,916.4884,3,2,5,4,1985,,4,25000,株式会社ワイナリ,501,0.6509521
Bン,222,2,78.96605,245.13672,1,4,5,5,1999,,,20000,ワイナリ社,959,0.041181862
Fン,140,6,139.23971,669.38215,4,1,5,5,1978,,1,,成流製造会社,486,0.005057156
Kン,200,3,122.63974,432.2008,1,1,3,3,1977,,4,62000,ダミーカンパニー社,887,0.40052032
Zン,147,2,192.74098,571.85716,5,2,2,1,2003,,2,12000,,129,0.035699785
Iン,93,5,769.97674,156.18942,4,3,3,1,1971,,,96000,ワイナリ社,414,0.1521889
Pン,82,4,525.91065,502.96833,4,5,1,3,1946,,,58000,ワイナリ社,341,0.35925162
Oン,165,2,400.15917,714.88216,5,3,1,3,2006,,4,89000,自家製,336,0.10895139
Rン,119,3,775.87152,192.10238,2,2,4,1,1979,,3,94000,ダミーカンパニー社,330,0.539103
Dン,203,6,453.8632,757.22383,5,3,4,4,2012,,2,,株式会社ワイナリ,426,0.39584804
Yン,173,3,77.88566,227.60238,3,1,4,1,1963,,4,5000,ダミーカンパニー社,768,0.85397756
Qン,164,3,302.533,911.81658,2,3,3,5,,,,16000,,809,0.41718423
Jン,97,2,337.9659,63.77707,3,1,1,5,1962,,3,28000,株式会社ワイナリ,498,0.38711816
Oン,219,2,19.74126,387.38847,3,5,5,1,1942,,1,43000,,987,0.8866121
Tン,13,1,254.82114,686.21151,3,2,1,3,2008,,2,94000,,502,0.59222525
Fン,101,6,818.69011,442.68254,3,4,5,3,1989,,2,93000,WC社,326,0.4339522
Zン,127,5,727.65916,475.78345,3,3,4,2,1985,,2,,ワイナリ,301,0.36331773
Iン,192,4,275.33625,647.37674,3,3,4,1,1985,,5,14000,株式会社ワイナリ,699,0.539284
Dン,17,1,819.84925,70.80749,1,5,2,1,1919,,3,36000,ワイナリ社,947,0.95358706
Dン,55,1,532.47799,478.65976,2,3,2,4,,,1,9000,夜月ビール社,767,0.2740687
Wン,201,4,11.78392,177.92051,1,3,2,5,1955,,4,46000,WC社,351,0.9607725
Zン,76,6,763.70064,946.70315,2,2,1,3,1944,,,34000,夜月ビール社,212,0.56421214
Lン,210,1,304.53776,872.19682,1,2,1,2,1925,,4,88000,ワイナリ社,663,0.34837335
Qン,140,5,878.92613,737.23539,3,2,3,2,2005,,3,4000,夜月ビール社,155,0.9325237
Uン,158,2,661.4219,273.93337,2,5,3,1,1947,,3,64000,ワイナリ社,581,0.11634433
Tン,216,3,851.35149,947.5673,1,2,3,3,2008,,3,76000,WC社,763,0.47170198
Pン,209,3,386.58126,731.43948,5,2,2,1,1948,,3,43000,ダミーカンパニー社,836,0.5184047
Aン,39,4,735.71738,638.20583,4,3,3,3,1918,,5,42000,自家製,472,0.21583259
Tン,85,1,347.94807,483.79995,2,4,5,5,1917,,4,5000,夜月ビール社,696,0.17032814
Lン,3,4,923.26807,84.26339,4,5,3,5,1952,,4,56000,自家製,465,0.32796824
Hン,200,2,249.11655,806.4661,5,3,1,4,2004,,5,46000,ワイナリ,729,0.66916704
Uン,189,2,673.21923,47.34374,3,1,5,3,1948,,4,3000,ワイナリーカンパニー,167,0.97497153
Hン,132,6,927.9362,665.63437,5,3,5,2,2005,,5,95000,ワイナリ社,51,0.28281575
Eン,216,6,707.79184,999.38814,4,4,2,2,1961,,4,63000,ワイナリーカンパニー,253,0.4859001
Hン,13,6,119.94747,574.94542,2,3,1,3,1999,,5,66000,株式会社 ワイナリ,309,0.37217665
Yン,142,6,990.96852,498.88303,2,4,3,3,2005,,,40000,自家製,968,0.5393402
Yン,49,5,649.87335,620.92543,3,1,2,1,,,,68000,ワイナリーカンパニー,980,0.8196426
Kン,158,3,126.48124,897.53332,1,4,2,5,1945,,2,22000,ワイナリ,86,0.97333467
Kン,162,2,213.44207,307.86178,2,4,3,3,1947,,2,40000,株式会社 ワイナリ,453,0.29173344
Oン,184,5,55.25153,795.9074,2,3,2,3,1971,,2,41000,ワイナリーカンパニー,211,0.45485574
Iン,207,1,747.88631,319.72301,2,2,2,4,1924,,2,87000,WC社,155,0.5966355
Cン,138,6,182.83833,448.54187,5,1,3,5,1922,,2,82000,,838,0.85631055
Zン,12,3,25.52232,924.16097,3,4,3,5,1921,,5,75000,ワイナリ,315,0.18055648
Iン,102,2,419.62032,910.84717,3,2,5,5,1917,,3,64000,,766,0.40599352
Oン,231,6,940.88493,929.79039,3,2,3,2,1952,,1,,ワイナリ,147,0.77625084
Lン,147,4,77.43917,503.34224,2,5,1,1,1979,,,97000,夜月ビール社,513,0.24401587
Zン,121,1,234.51061,30.35478,1,3,4,1,,,4,17000,,794,0.67082256
Fン,99,1,982.1536,673.89923,3,1,3,1,1944,,2,24000,株式会社ワイナリ,832,0.8920909
Qン,101,4,594.6788,674.31194,5,5,4,3,1944,,4,98000,,955,0.9745969
Lン,62,4,503.77315,948.77874,4,2,4,5,1966,,4,19000,ワイナリーカンパニー,269,0.33166057
Cン,33,4,317.36675,53.21294,3,2,3,4,1977,,3,52000,ワイナリーカンパニー,694,0.019288719
Gン,5,3,552.95649,511.50225,2,4,5,1,,,2,57000,WC社,552,0.8172312
Tン,96,6,776.78848,900.94036,3,3,5,4,1983,,,31000,,268,0.8785906
Uン,89,3,251.30886,994.80066,3,1,4,3,1915,,3,2000,自家製,366,0.21985912
Mン,202,2,730.87753,319.71847,4,4,4,1,,,1,,ワイナリ社,674,0.05274123
Wン,172,2,728.14312,887.99196,4,3,4,4,1975,,1,49000,ワイナリ社,79,0.96514535
Gン,145,1,580.42562,401.8005,4,2,1,1,1991,,5,57000,ワイナリ,588,0.56224406
Vン,204,5,962.77429,183.96329,2,5,3,4,1998,,5,31000,ワイナリ,752,0.4686268
Pン,225,2,873.4657,95.40275,1,1,1,2,2000,,5,8000,ワイナリーカンパニー,244,0.60981137
Mン,129,3,207.74276,842.72292,5,3,2,4,1954,,3,69000,株式会社 ワイナリ,876,0.0047106743
Nン,25,3,195.3528,635.63914,3,5,1,3,,,1,75000,株式会社ワイナリ,846,0.06426233
Vン,227,4,620.90352,80.33372,1,5,5,3,1988,,5,93000,株式会社ワイナリ,737,0.6771961
Dン,7,4,709.19533,107.408,4,4,3,1,1979,,1,20000,株式会社ワイナリ,400,0.6718393
Qン,141,3,582.91261,167.84941,1,2,4,1,1923,,2,,ワイナリ社,340,0.96262455
Fン,40,2,900.34664,473.40029,5,2,4,4,1999,,2,14000,成流製造会社,277,0.6684129
Lン,95,6,860.58797,333.5564,4,3,1,1,1952,,4,84000,成流製造会社,39,0.43168694
Gン,157,3,996.33432,582.27871,5,1,4,5,1921,,4,50000,ワイナリ,589,0.042089462
Aン,162,6,775.193,982.41493,1,3,3,3,2013,,1,72000,ワイナリ,681,0.77205855
Eン,98,5,253.77061,829.98251,5,5,5,3,1941,,4,14000,夜月ビール社,249,0.113526225
Aン,229,1,53.5592,185.21981,1,1,5,3,2007,,4,,自家製,152,0.10667896
Sン,35,5,620.6514,984.58232,5,4,5,2,1934,,5,34000,ワイナリーカンパニー,153,0.7996469
Xン,37,1,410.65018,335.23398,5,3,3,3,2001,,,32000,ダミーカンパニー社,764,0.572699
Bン,4,5,748.556,871.71282,1,3,2,5,1920,,3,13000,成流製造会社,83,0.39226973
Zン,86,3,511.92763,949.44941,3,5,4,2,1983,,2,72000,ワイナリ社,720,0.56652105
Rン,146,2,925.41371,290.59992,1,1,5,1,1917,,4,79000,株式会社 ワイナリ,143,0.6254925
Zン,160,2,518.73348,389.66997,1,3,4,1,2006,,2,,ワイナリ,840,0.028096735
Xン,163,3,392.85771,891.83987,3,4,5,1,,,1,93000,,178,0.4922002
Rン,219,3,588.79989,87.2737,1,4,2,4,1939,,1,96000,ワイナリ,967,0.07062417
Vン,233,1,136.527,215.31266,2,3,5,1,2004,,2,52000,ワイナリーカンパニー,706,0.84710544
Lン,9,2,620.85144,866.66149,5,2,4,2,1967,,5,97000,,258,0.5313225
Aン,29,2,746.367,587.77616,3,4,2,4,1949,,5,10000,自家製,916,0.40813106
Eン,175,2,822.18537,151.31696,2,3,4,3,1985,,3,32000,ワイナリ社,718,0.20962489
Jン,51,1,674.66456,19.12844,1,2,1,4,1960,,1,80000,WC社,243,0.86865675
Tン,85,2,130.42227,140.96878,3,4,4,2,2011,,5,29000,WC社,829,0.60743135
Eン,172,6,179.27198,347.587,4,1,1,1,1966,,2,72000,自家製,363,0.95262414
Gン,184,1,248.77543,591.11878,4,2,2,2,1921,,2,45000,成流製造会社,966,0.46832812
Hン,33,2,900.94346,1.84067,4,2,3,4,1949,,1,11000,株式会社ワイナリ,585,0.41631788
Xン,14,1,226.27704,276.89982,3,3,2,3,1983,,5,,,114,0.52053595
Qン,224,5,432.14346,452.58275,1,4,1,3,2002,,2,77000,夜月ビール社,612,0.56861544
Pン,150,4,686.10297,829.23126,2,3,3,4,,,4,40000,夜月ビール社,782,0.57316065
Kン,42,6,67.4402,400.76096,3,3,4,3,,,2,19000,株式会社ワイナリ,850,0.86074513
Dン,30,5,374.44968,39.94479,4,3,4,5,1925,,2,8000,WC社,133,0.124380946
Gン,65,1,335.75952,258.40207,4,2,3,2,,,1,61000,株式会社ワイナリ,851,0.5737064
Hン,181,2,642.63664,795.74392,1,3,5,2,,,4,28000,ワイナリーカンパニー,75,0.048651814
Yン,148,6,821.78439,87.16078,5,3,3,3,1991,,1,45000,WC社,940,0.80808306
Tン,126,6,455.5525,219.34874,5,2,4,5,1995,,3,10000,株式会社ワイナリ,37,0.0074031353
Gン,124,5,65.61131,744.77615,1,2,3,4,1916,,1,31000,ダミーカンパニー社,191,0.0020406246
Fン,52,1,51.12852,681.10339,2,4,4,3,1999,,3,62000,ワイナリーカンパニー,551,0.34486902
Xン,130,6,472.63954,673.84114,5,3,1,5,2003,,3,,,297,0.4494735
Cン,16,1,882.89275,22.15427,2,4,5,4,1984,,4,14000,自家製,465,0.7215205
Zン,91,4,53.6978,643.29999,3,2,1,4,,,4,58000,ワイナリ,998,0.7812483
Rン,214,6,689.98404,386.7454,5,2,4,1,2003,,4,7000,ダミーカンパニー社,261,0.63244706
Wン,44,2,372.62244,420.6369,2,5,2,2,2013,,3,37000,夜月ビール社,577,0.88124365
Kン,21,5,447.99937,3.95859,3,3,2,1,1984,,3,13000,成流製造会社,75,0.6429817
Lン,228,4,706.24713,328.8656,5,5,3,4,1943,,3,46000,WC社,848,0.8977419
Rン,64,3,963.42757,922.61042,1,5,1,1,1931,,3,51000,夜月ビール社,449,0.84338224
Xン,143,4,20.68264,279.18093,5,5,1,3,1928,,5,,,484,0.058173597
Fン,214,1,729.70983,410.24943,4,5,5,4,2004,,3,91000,成流製造会社,967,0.11866665
Xン,232,6,421.37721,187.66505,2,4,2,1,1969,,,82000,株式会社 ワイナリ,406,0.9185049
Zン,48,4,570.63726,949.52936,4,2,4,5,1955,,5,29000,WC社,460,0.34786254
Qン,15,2,693.67415,589.31039,2,1,2,2,1932,,5,86000,ワイナリ社,394,0.24419546
Kン,109,1,466.77998,801.97748,3,4,3,1,1969,,2,46000,,241,0.90605867
Xン,216,6,576.61944,746.13034,3,3,4,2,1945,,1,81000,WC社,404,0.63128763
Iン,222,4,595.31991,335.63078,2,3,2,2,1960,,1,71000,株式会社 ワイナリ,224,0.42582434
Pン,166,6,846.70874,634.2753,4,2,4,4,,,,0,自家製,161,0.7782462
Qン,177,6,509.51749,36.10909,3,1,2,4,1948,,3,60000,株式会社 ワイナリ,384,0.2557338
Hン,94,5,393.98089,499.64888,1,5,3,1,1967,,,34000,夜月ビール社,151,0.6724611
Jン,155,3,402.33935,8.4373,3,1,5,5,1991,,2,35000,株式会社ワイナリ,778,0.8721475
Vン,140,2,46.36062,626.99396,2,5,3,2,1938,,4,31000,株式会社 ワイナリ,323,0.21791011
Jン,58,5,616.53446,568.60771,4,2,5,3,1984,,3,,自家製,48,0.7121537
Qン,207,6,139.34095,78.66286,2,3,4,5,2000,,4,95000,ワイナリーカンパニー,190,0.025785089
Mン,72,6,253.58512,862.9749,4,2,4,4,1963,,1,74000,ダミーカンパニー社,510,0.48387325
Aン,179,5,825.17949,949.80057,3,3,3,2,1955,,3,0,自家製,69,0.33322626
Vン,194,4,800.81713,799.59747,3,1,4,3,1996,,5,69000,ワイナリ,614,0.22220635
Xン,118,1,622.51942,488.71367,1,2,1,4,1964,,2,88000,,670,0.9877366
Xン,71,2,465.88219,953.75432,1,4,2,5,1953,,,53000,ワイナリ社,905,0.56275463
Cン,48,3,450.16522,837.59162,2,1,5,5,1921,,1,23000,成流製造会社,462,0.35342467
Hン,94,3,729.94769,445.56309,2,3,3,5,1958,,2,50000,,62,0.30817336
Uン,186,5,104.96091,855.3872,4,5,3,4,,,,,,345,0.9878214
Rン,150,1,573.77424,710.2489,4,5,1,1,1931,,3,,ダミーカンパニー社,203,0.53525287
Lン,193,5,422.68036,626.45216,3,3,5,1,1928,,3,40000,ワイナリ,438,0.30571407
Wン,175,6,311.74328,741.94026,4,4,2,3,1956,,3,50000,成流製造会社,103,0.29095536
Bン,218,4,701.74354,827.98851,5,4,5,3,,,4,31000,ワイナリ社,413,0.5867835
Vン,141,6,250.9311,909.86382,4,2,5,4,2012,,5,90000,ワイナリ,300,0.6646042
Sン,137,3,387.6859,77.17726,2,1,2,5,1923,,,82000,ワイナリーカンパニー,737,0.29470724
Uン,229,5,99.76199,38.69767,4,1,4,1,1962,,4,36000,ワイナリーカンパニー,907,0.40316015
Aン,40,4,744.56848,926.49644,1,4,2,3,1930,,3,17000,ワイナリ社,654,0.4051209
Iン,216,6,909.23006,775.466,5,2,5,4,1972,,5,12000,夜月ビール社,739,0.16246903
Bン,149,1,146.13796,921.98958,5,3,4,5,1916,,3,24000,成流製造会社,64,0.18849003
Dン,23,2,929.43855,915.86471,3,4,5,2,1968,,5,72000,自家製,865,0.86902565
Rン,136,5,763.44099,502.399,3,3,1,4,1928,,1,62000,ワイナリーカンパニー,80,0.9724311
Jン,193,4,444.4538,114.3095,1,5,1,5,1988,,1,63000,,216,0.30586648
Rン,111,2,261.82924,228.30968,1,1,3,3,1932,,1,84000,ワイナリーカンパニー,4,0.7033086
Tン,209,3,947.7278,435.53662,3,4,5,4,1937,,3,88000,夜月ビール社,153,0.22114974
Pン,156,5,493.35422,109.90987,1,1,5,4,1986,,5,92000,ワイナリ,107,0.6826168
Vン,167,5,206.29819,53.46334,1,4,4,4,1918,,2,31000,ワイナリ,561,0.1597321
Kン,213,2,99.59498,154.29977,3,5,3,1,1949,,2,11000,成流製造会社,588,0.5800583
Zン,66,5,154.6603,10.35621,1,2,5,5,2000,,2,13000,自家製,645,0.6080253
Kン,67,1,677.25131,904.10055,2,1,2,5,1949,,3,51000,成流製造会社,638,0.7526465
Jン,26,4,371.31482,718.31338,2,3,4,3,1978,,4,46000,株式会社 ワイナリ,741,0.33789873
Xン,177,3,187.4496,946.89652,3,1,1,4,1924,,2,72000,夜月ビール社,142,0.4688995
Wン,3,5,163.49048,700.9579,1,3,3,4,1957,,2,12000,ワイナリ社,791,0.5188376
Oン,105,5,549.95014,452.52778,3,5,4,5,2002,,3,14000,株式会社ワイナリ,788,0.9588338
Sン,62,6,941.89891,690.2412,2,4,5,2,1916,,5,72000,株式会社ワイナリ,151,0.5362509
Xン,217,4,777.55501,787.92974,5,3,2,5,1971,,3,40000,ダミーカンパニー社,576,0.6670843
Yン,133,6,824.15912,220.5058,3,3,3,3,1923,,5,99000,WC社,233,0.5686612
Fン,189,1,304.77968,20.525,1,4,2,3,1946,,,,株式会社 ワイナリ,499,0.98536223
Eン,50,6,777.50344,528.77404,4,3,4,1,1975,,2,66000,株式会社ワイナリ,897,0.5567555
Cン,174,1,412.78502,354.62034,1,4,5,1,1994,,,51000,WC社,602,0.8146998
Wン,82,1,546.26474,204.63311,1,3,2,1,1975,,4,53000,ワイナリーカンパニー,922,0.63677293
Qン,162,3,407.14007,624.67286,3,4,3,4,1989,,5,30000,ダミーカンパニー社,522,0.04314238
Qン,15,4,274.95425,987.54235,3,1,3,5,1999,,1,28000,ワイナリーカンパニー,353,0.3828274
Fン,22,5,396.52883,816.80857,4,3,3,4,2002,,5,60000,ワイナリ,345,0.26243347
Bン,176,3,916.25031,827.39931,3,2,4,4,1997,,3,32000,,426,0.6532936
Dン,72,5,483.8976,833.28928,4,5,5,4,1969,,4,81000,夜月ビール社,140,0.10914022
Qン,90,2,207.67748,50.75423,3,5,4,5,1969,,5,68000,WC社,22,0.7256138
Iン,157,2,437.23091,660.93776,1,1,5,2,1975,,5,65000,ワイナリ社,295,0.18200618
Uン,226,2,306.47711,720.11329,5,1,5,4,1952,,4,81000,,295,0.5985557
Aン,29,3,282.49161,691.71411,2,2,1,2,1960,,1,96000,成流製造会社,923,0.8129747
Dン,139,4,406.34991,855.95642,2,5,3,1,1947,,4,52000,WC社,106,0.6911359
Cン,21,5,738.39154,434.17313,2,5,4,4,1922,,5,,株式会社ワイナリ,748,0.49902666
Rン,64,4,724.38299,571.41908,3,4,1,5,1939,,4,89000,成流製造会社,566,0.36033112
Eン,29,1,943.76286,995.70384,4,5,5,1,1914,,4,,ワイナリーカンパニー,277,0.22993845
Oン,162,1,880.79391,615.48865,1,3,2,3,2011,,2,83000,ダミーカンパニー社,821,0.741732
Wン,17,1,451.15099,626.54349,4,4,5,1,1955,,2,37000,,230,0.83888435
Iン,75,4,741.78372,905.68189,3,2,3,5,2010,,2,7000,株式会社ワイナリ,370,0.65930194
Jン,17,3,652.76533,356.7267,5,4,2,5,1940,,2,2000,株式会社 ワイナリ,49,0.43954605
Kン,59,1,609.47462,351.14489,2,4,3,4,1939,,2,83000,ワイナリ,999,0.5728879
Dン,223,3,31.966,66.24881,3,5,4,3,,,,29000,株式会社ワイナリ,567,0.013814807
Tン,184,6,666.92824,132.93976,1,3,4,1,1932,,3,32000,自家製,947,0.8734787
Aン,97,4,297.36137,490.70032,4,3,4,2,2003,,4,77000,ワイナリ社,485,0.8066495
Uン,140,2,605.58542,792.60616,3,3,5,2,1966,,3,21000,株式会社 ワイナリ,676,0.81350595
Hン,187,1,581.89495,478.29452,5,1,1,4,2003,,4,51000,ダミーカンパニー社,607,0.8551417
Mン,202,2,262.92267,293.44906,2,1,1,5,1979,,4,24000,ワイナリ社,283,0.71597886
Eン,22,5,15.13569,360.77564,4,3,1,2,1932,,2,15000,ワイナリーカンパニー,772,0.4506402
Bン,91,2,975.11403,550.71828,3,3,1,2,1966,,3,18000,夜月ビール社,694,0.9849632
Aン,69,3,605.19302,989.48917,3,2,2,5,1975,,5,76000,ワイナリ社,262,0.03720504
Xン,221,4,816.19295,530.59447,4,2,4,5,1923,,4,4000,,325,0.7926374
Kン,216,2,241.17658,440.88983,1,3,5,5,1988,,2,,,218,0.7171144
Uン,224,4,857.20658,844.62403,1,3,1,5,,,2,74000,ワイナリーカンパニー,908,0.5732838
Yン,57,3,324.5388,782.76025,1,5,3,4,1926,,1,28000,株式会社ワイナリ,49,0.6122972
Nン,162,5,474.22726,475.18506,1,4,4,4,1923,,,45000,成流製造会社,65,0.63873893
Rン,61,3,436.27584,721.50546,3,4,3,2,,,4,18000,ワイナリーカンパニー,112,0.31481105
Tン,193,6,605.52372,763.50501,3,1,3,1,1949,,4,75000,ワイナリ,966,0.7415917
Pン,119,6,966.24483,387.66356,5,2,1,3,1973,,3,41000,夜月ビール社,903,0.3707742
Aン,190,3,392.63388,497.42329,5,4,1,1,1936,,5,96000,株式会社ワイナリ,680,0.20041639
Jン,208,2,186.65491,258.20446,3,4,2,3,1952,,4,60000,夜月ビール社,912,0.25616866
Mン,171,4,229.10311,200.71876,3,1,2,4,,,2,15000,ダミーカンパニー社,421,0.8197313
Mン,129,4,331.66637,186.23792,5,2,3,4,1995,,5,36000,ダミーカンパニー社,654,0.40290797
Wン,10,5,856.26402,337.259,4,1,5,2,1955,,2,87000,,592,0.7315683
Xン,17,5,612.22771,419.84732,3,3,2,3,1965,,2,20000,ワイナリーカンパニー,151,0.5248852
Jン,65,3,835.495,950.87487,2,3,4,5,1943,,3,,ワイナリーカンパニー,429,0.28705752
Dン,41,3,908.10356,824.93305,3,3,2,2,1972,,3,47000,WC社,576,0.7618283
Jン,230,2,414.7087,450.796,3,3,2,3,1963,,,34000,ワイナリーカンパニー,995,0.6137169
Xン,27,6,145.76765,456.8977,1,1,3,5,1953,,2,21000,ワイナリ,792,0.033473432
Dン,56,5,736.97765,368.8845,3,2,5,3,1989,,4,5000,ダミーカンパニー社,808,0.2384175
Fン,121,6,126.41337,900.62706,3,2,3,5,1947,,5,47000,ワイナリ,771,0.2730819
Bン,120,5,439.3748,758.48057,3,3,4,4,1951,,5,88000,ワイナリ社,70,0.62730455
Fン,124,1,824.69763,478.53738,2,4,3,2,1975,,1,75000,株式会社ワイナリ,850,0.46854603
Qン,221,6,206.40374,650.15032,1,4,2,5,1989,,2,98000,株式会社ワイナリ,446,0.6402262
Eン,105,6,669.38085,162.84275,2,4,2,5,2012,,5,79000,ワイナリ,56,0.031019151
Cン,124,2,562.39942,622.5575,2,2,2,4,1946,,,82000,成流製造会社,369,0.2737162
Dン,105,4,30.11233,130.9202,4,3,1,5,1985,,3,49000,ダミーカンパニー社,193,0.9313626
Cン,97,5,486.83971,329.91366,2,5,1,3,1996,,1,50000,ワイナリーカンパニー,972,0.98640776
Uン,200,4,242.645,413.89392,5,5,3,3,1970,,1,98000,成流製造会社,182,0.1487984
Kン,128,5,669.59296,668.76059,4,3,4,2,2011,,1,58000,,471,0.09987205
Yン,189,2,621.80682,144.3742,3,3,1,4,1926,,3,0,株式会社 ワイナリ,48,0.50887465
Nン,140,4,814.43432,995.72552,1,2,3,1,,,1,49000,ダミーカンパニー社,609,0.98281443
Xン,36,1,348.10065,837.52842,3,3,2,5,,,2,17000,WC社,969,0.43860638
Nン,35,6,879.27554,534.53353,4,1,4,1,1935,,3,,自家製,924,0.7459685
Nン,111,5,981.38786,421.61946,3,2,1,1,1963,,4,20000,株式会社ワイナリ,245,0.12613928
Xン,154,2,325.40266,633.589,4,4,4,4,1990,,3,3000,株式会社 ワイナリ,180,0.9749166
Aン,43,4,248.74518,951.41655,4,4,2,1,1987,,1,64000,ワイナリーカンパニー,894,0.7345814
Wン,67,2,83.62036,656.99035,3,2,4,2,2000,,1,,ワイナリ社,27,0.10088527
Nン,132,1,563.63298,156.41777,3,2,5,5,1957,,1,53000,WC社,428,0.089058876
Zン,114,5,877.15557,952.25617,3,1,1,4,1974,,4,17000,株式会社ワイナリ,258,0.3284377
Nン,169,6,225.21952,525.68565,1,3,3,4,1918,,,56000,ダミーカンパニー社,560,0.7072197
Aン,166,5,887.34871,925.93205,1,5,4,2,1988,,1,93000,ワイナリ社,742,0.7914735
Dン,70,3,124.34499,491.85758,4,5,3,2,1965,,4,40000,ワイナリ社,659,0.12208426
Gン,120,6,567.92786,686.90507,2,2,4,2,1939,,1,25000,夜月ビール社,901,0.9525022
Gン,123,6,55.88796,680.39006,4,2,1,5,1942,,2,9000,,323,0.27966404
Pン,110,5,960.79764,451.14857,2,2,4,5,1914,,2,77000,株式会社 ワイナリ,25,0.3799094
Cン,109,1,616.8048,183.88765,1,3,4,4,1919,,3,90000,ワイナリーカンパニー,929,0.13711488
Xン,161,3,987.85542,302.55387,1,5,3,5,1942,,1,8000,株式会社 ワイナリ,858,0.7074669
Tン,89,5,605.95228,782.70315,2,2,2,3,,,4,60000,株式会社ワイナリ,407,0.6526833
Eン,5,6,294.41899,758.75249,2,5,3,4,1991,,3,50000,,191,0.8831329
Yン,57,2,769.1344,637.11455,4,5,3,3,1915,,2,98000,成流製造会社,567,0.9726032
Hン,56,3,530.38708,540.98259,4,4,4,1,1933,,3,8000,,699,0.34174883
Fン,143,3,431.17463,221.73019,3,3,3,3,1998,,5,97000,株式会社 ワイナリ,48,0.13362086
Iン,134,5,81.81954,895.2183,1,1,1,2,1985,,5,26000,ワイナリーカンパニー,605,0.23516238
Lン,131,5,121.32655,806.1924,2,3,3,2,1963,,3,73000,WC社,994,0.36280996
Iン,163,5,986.4403,118.84242,5,2,2,4,1943,,2,21000,ダミーカンパニー社,388,0.5582849
Eン,53,3,371.98052,546.45359,3,1,4,4,1957,,3,,,658,0.616399
Mン,103,5,663.74713,809.22451,3,3,1,1,2009,,5,40000,ダミーカンパニー社,437,0.66676325
Tン,22,6,198.40701,332.44184,1,2,1,5,1918,,1,21000,ワイナリ,807,0.31757146
Jン,216,1,98.49638,418.12148,4,4,5,3,1938,,5,,ワイナリ,208,0.035909653
Pン,57,5,18.9686,244.32313,2,2,2,1,1943,,,66000,株式会社 ワイナリ,631,0.8378628
Pン,218,4,303.48289,581.692,2,2,5,3,1980,,5,21000,ワイナリーカンパニー,413,0.2729537
Hン,79,1,216.21171,477.3932,4,5,3,3,1965,,3,79000,自家製,215,0.07258427
Vン,67,1,571.88665,30.4627,1,1,3,2,1973,,2,33000,,883,0.030238748
Cン,72,3,190.71365,392.4064,3,5,4,4,1997,,5,50000,,657,0.23148954
Cン,123,3,811.64191,454.78231,3,3,5,4,1961,,2,,WC社,572,0.91105884
Fン,230,5,411.7683,666.2392,4,3,3,1,1967,,4,37000,ワイナリ社,759,0.81219935
Mン,46,6,249.42201,478.936,2,1,3,5,1958,,2,63000,,590,0.62086976
Dン,56,2,606.46323,889.44314,1,2,3,5,1963,,4,81000,ワイナリーカンパニー,213,0.4144858
Wン,227,4,494.34038,374.60811,5,2,2,3,1967,,,,ワイナリ,308,0.7086907
Qン,209,2,236.95396,355.53953,1,3,4,4,1926,,5,9000,株式会社 ワイナリ,939,0.38021958
Mン,224,4,154.64682,457.35776,3,1,3,5,1921,,5,11000,ワイナリ社,652,0.61691135
Sン,224,1,829.68232,915.4602,5,2,2,2,,,3,59000,ダミーカンパニー社,566,0.061615407
Gン,186,2,571.97568,924.91664,1,2,4,5,1980,,3,85000,ダミーカンパニー社,995,0.7281895
Vン,214,5,404.95929,249.1603,3,4,1,2,1990,,1,5000,夜月ビール社,238,0.9756798
Xン,228,6,369.78108,900.1201,5,3,3,4,1948,,1,,ワイナリ社,926,0.70790726
Rン,184,1,554.89405,527.66594,1,3,4,3,1980,,1,93000,,585,0.90270245
Oン,137,4,92.854,149.84527,4,3,2,5,1942,,3,6000,株式会社 ワイナリ,247,0.8748903
Wン,210,1,167.92971,8.26484,1,5,5,2,1931,,,0,ワイナリ,874,0.32130963
Yン,47,3,442.50828,521.15708,3,3,4,5,1935,,5,66000,成流製造会社,147,0.35888147
Kン,170,3,797.86573,359.58265,1,2,3,2,1976,,1,93000,ワイナリーカンパニー,339,0.6192789
Bン,63,5,416.10676,993.31141,3,3,3,4,1950,,2,46000,成流製造会社,546,0.11289853
Kン,152,2,355.19504,776.39056,4,4,4,3,1932,,,71000,夜月ビール社,4,0.16088831
Mン,138,5,789.45564,602.79141,5,4,1,1,2006,,3,90000,成流製造会社,333,0.41007715
Kン,188,4,554.48402,262.9118,3,3,4,4,1943,,2,44000,自家製,721,0.66130877
Hン,96,3,773.82134,724.93169,1,3,3,5,1924,,1,22000,ワイナリーカンパニー,194,0.5036771
Vン,121,2,468.74391,637.6535,1,3,3,4,1927,,3,71000,株式会社ワイナリ,151,0.43504262
Tン,120,6,688.22738,128.62823,2,3,3,1,1940,,2,4000,,43,0.35087836
Fン,16,2,784.7763,223.91488,2,4,3,5,1960,,2,80000,,72,0.66520596
Eン,99,6,464.34697,984.31358,5,5,4,3,1992,,,0,夜月ビール社,634,0.87442696
Oン,162,1,748.64085,127.76961,4,2,1,4,1953,,3,,夜月ビール社,149,0.11233169
Kン,204,6,114.84483,412.49025,2,3,5,4,1941,,1,88000,ワイナリ社,527,0.07211828
Qン,92,4,323.69214,642.25281,4,4,5,3,1941,,4,23000,ダミーカンパニー社,409,0.057917297
Rン,149,4,941.49543,542.75283,1,1,1,5,,,3,62000,ワイナリ,32,0.08577591
Bン,64,2,136.38046,641.34573,3,4,2,5,1915,,4,32000,ダミーカンパニー社,375,0.91186506
Sン,169,6,12.9649,656.79106,2,5,3,3,1958,,1,77000,,536,0.079303384
Hン,201,1,398.118,631.14144,3,3,2,5,1989,,5,59000,夜月ビール社,918,0.552386
Vン,220,4,577.20937,670.76583,5,5,5,3,1972,,3,29000,ワイナリ社,648,0.3183651
Zン,31,3,76.3253,73.77844,5,4,3,4,1931,,4,58000,WC社,936,0.0592736
Oン,116,2,447.9277,625.34939,4,3,4,1,1962,,3,83000,自家製,97,0.45200413
Lン,211,2,2.20108,743.55042,4,4,3,3,1937,,3,45000,自家製,293,0.6623578
Rン,55,3,247.4407,686.50836,3,4,3,1,1922,,,21000,株式会社 ワイナリ,87,0.3252222
Oン,176,1,692.72471,361.25406,2,2,5,1,1985,,,45000,株式会社 ワイナリ,576,0.34225804
Xン,63,4,431.9093,508.62162,4,4,1,1,1992,,5,40000,株式会社ワイナリ,214,0.6708642
Kン,5,2,718.3175,361.41,4,4,4,3,1957,,3,28000,株式会社ワイナリ,685,0.34797704
Yン,153,4,73.19807,817.12393,3,3,5,4,1990,,2,21000,ワイナリーカンパニー,960,0.19408411
Aン,106,3,627.40808,830.27215,3,5,5,3,1956,,2,,,849,0.037159026
Qン,101,5,542.6687,810.45713,5,3,3,1,2001,,1,,夜月ビール社,639,0.068498015
Dン,133,4,428.87867,923.73915,2,4,3,5,1922,,1,,株式会社 ワイナリ,300,0.29696774
Uン,30,2,250.8187,939.47607,1,2,5,4,,,5,49000,WC社,248,0.43809056
Uン,105,5,439.23153,783.33481,2,5,4,2,1987,,2,4000,,761,0.4096272
Fン,174,4,580.2279,996.45927,2,3,4,1,,,4,38000,ワイナリ社,561,0.13039774
Zン,18,5,104.1322,256.77857,4,1,3,3,2003,,3,89000,ワイナリーカンパニー,96,0.45755804
Lン,161,3,102.34701,421.12992,3,5,1,1,2007,,2,55000,,918,0.8215246
Cン,226,1,903.51034,73.39627,3,3,3,2,1916,,2,5000,株式会社 ワイナリ,87,0.7663687
Uン,46,6,691.7839,592.93368,1,2,5,3,,,5,23000,株式会社 ワイナリ,481,0.2248053
Aン,113,5,700.14398,724.24881,3,3,4,3,,,4,,ワイナリ,139,0.011740148
Rン,94,2,333.16166,749.82131,4,3,5,2,2006,,5,23000,株式会社ワイナリ,116,0.32821125
Yン,136,6,739.79998,632.3571,1,2,2,4,1999,,4,96000,成流製造会社,725,0.48230588
Fン,5,1,803.84252,138.7563,3,2,5,2,1932,,3,94000,,284,0.30552876
Uン,219,4,939.98073,269.6223,5,1,1,1,1942,,1,83000,成流製造会社,158,0.88430125
Yン,56,1,110.29947,388.81173,4,2,1,4,1996,,4,56000,株式会社ワイナリ,898,0.79484206
Pン,77,5,915.90563,287.76884,4,1,5,3,1947,,2,64000,自家製,724,0.041445136
Bン,183,1,986.91743,481.35448,3,4,1,3,1925,,5,71000,成流製造会社,220,0.51618797
Yン,7,1,896.75042,895.78037,5,5,3,2,1971,,2,,,482,0.14436758
Tン,172,1,872.12158,418.54355,2,1,5,2,1959,,1,35000,ダミーカンパニー社,240,0.70470613
Iン,154,3,855.63526,826.19643,2,5,3,4,1948,,,21000,ワイナリ社,210,0.0746907
Hン,116,5,588.46495,310.47159,2,3,3,2,1922,,5,78000,ワイナリ社,153,0.21012038
Vン,214,5,29.24921,377.41291,4,5,3,5,1954,,3,76000,ワイナリ,525,0.14396173
Eン,67,1,119.51903,884.14997,4,1,1,1,2011,,5,55000,株式会社 ワイナリ,577,0.212233
Oン,140,5,914.94136,921.46374,4,1,4,4,1974,,1,13000,株式会社 ワイナリ,754,0.57118064
Qン,211,6,541.98492,641.46941,2,3,5,2,1999,,3,50000,自家製,228,0.038705647
Sン,193,4,360.218,602.66,1,1,3,2,1997,,5,37000,成流製造会社,505,0.9813761
Mン,126,3,442.30175,981.91049,1,3,2,2,,,5,59000,自家製,708,0.8780224
Qン,207,2,666.52907,306.10136,1,3,2,3,1920,,2,84000,株式会社 ワイナリ,501,0.9944169
Mン,97,4,495.68312,372.4406,3,3,4,2,1997,,3,79000,株式会社 ワイナリ,526,0.38910794
Nン,18,5,405.68846,988.4297,4,3,2,5,,,5,,自家製,526,0.58787864
Wン,17,3,508.36832,330.88849,5,2,2,3,1916,,4,4000,株式会社ワイナリ,242,0.012396634
Kン,187,4,195.56128,925.1955,2,4,5,2,1957,,5,95000,株式会社 ワイナリ,307,0.56262004
Mン,192,4,640.48002,984.88169,3,3,2,5,1993,,1,66000,ダミーカンパニー社,371,0.5112071
Hン,13,1,633.57499,925.78776,5,5,1,5,1994,,4,78000,夜月ビール社,736,0.7785649
Qン,218,4,558.48481,647.10972,2,5,1,2,1998,,2,63000,ダミーカンパニー社,287,0.24055153
Hン,143,1,767.27202,415.57576,2,2,3,1,1999,,1,86000,夜月ビール社,833,0.28918707
Jン,84,5,971.76458,319.8536,3,1,4,1,1988,,,23000,,652,0.92533827
Hン,122,3,82.7738,306.38083,4,5,1,5,1997,,5,67000,WC社,885,0.7149116
Tン,110,1,902.52493,311.23427,3,4,2,3,1918,,2,82000,成流製造会社,912,0.10739803
Qン,37,3,395.3517,286.55716,1,3,2,2,1976,,3,30000,夜月ビール社,65,0.7389347
Qン,129,3,227.9803,844.9604,3,3,2,2,1951,,2,21000,株式会社 ワイナリ,499,0.3715434
Dン,187,5,864.50178,850.52093,4,1,5,1,,,1,0,ワイナリ,13,0.060024917
Fン,192,2,248.91724,751.57652,5,1,3,3,1941,,3,70000,,569,0.80866134
Pン,106,6,907.15493,879.61861,5,2,5,2,1932,,3,42000,WC社,836,0.7150421
Cン,24,4,815.24565,478.89211,3,3,1,1,,,5,41000,ワイナリーカンパニー,453,0.5820348
Iン,219,5,535.62117,272.55554,1,3,5,1,1963,,3,86000,,578,0.8075779
Pン,94,3,193.77132,554.79869,2,4,3,3,1955,,,34000,ワイナリーカンパニー,793,0.90047765
Lン,212,5,22.47526,394.36862,5,5,3,1,1989,,3,65000,夜月ビール社,457,0.3482138
Hン,151,4,499.34382,386.71518,1,2,2,3,1991,,3,62000,ワイナリーカンパニー,161,0.30202657
Yン,220,5,844.63562,790.505,2,2,5,4,1957,,2,10000,,212,0.84437966
Qン,207,6,25.82306,335.41205,5,4,2,4,1965,,4,54000,ワイナリ,29,0.041140497
Bン,161,3,542.9904,665.92267,2,4,5,4,2008,,5,86000,夜月ビール社,103,0.3319453
Vン,61,6,118.47142,765.1456,3,3,4,3,1989,,3,25000,自家製,18,0.1253336
Oン,133,4,406.29464,531.31275,5,5,5,5,1914,,3,,ダミーカンパニー社,93,0.1437912
Tン,44,6,564.28491,438.6348,2,5,5,3,1923,,5,15000,自家製,847,0.7099571
Zン,210,6,498.79901,515.40774,5,5,5,3,2001,,3,26000,ダミーカンパニー社,776,0.2826355
Xン,29,3,698.4962,608.33033,2,1,5,5,1916,,5,18000,夜月ビール社,850,0.5251197
Aン,194,5,182.15272,424.68836,1,5,2,5,2008,,,14000,,544,0.48587596
Aン,96,1,23.87218,467.85908,2,5,5,2,1922,,2,42000,自家製,243,0.17016125
Jン,90,6,685.95401,924.16611,1,4,1,2,1971,,1,55000,ワイナリーカンパニー,974,0.40629548
Iン,131,1,309.80135,386.22915,3,2,1,1,1935,,1,5000,ダミーカンパニー社,114,0.60183245
Jン,122,6,484.2712,787.14923,5,3,2,1,1978,,1,17000,ダミーカンパニー社,484,0.7027126
Uン,195,4,398.56127,951.10447,2,3,2,5,1962,,1,93000,株式会社ワイナリ,873,0.6686391
Zン,156,5,705.77003,164.40921,4,1,3,3,1963,,5,79000,ワイナリ,776,0.6930128
Xン,191,2,697.4656,975.66883,3,1,3,4,2005,,,35000,ダミーカンパニー社,653,0.5804794
Aン,56,1,539.52949,987.73343,5,2,3,4,1941,,5,79000,,886,0.7620931
Yン,22,6,566.57466,303.34664,4,2,2,5,2002,,2,22000,,617,0.3426633
Gン,209,1,158.76935,115.8493,4,1,1,3,2008,,,83000,WC社,121,0.92924064
Vン,91,6,310.48765,561.28298,4,1,1,5,1976,,1,86000,WC社,762,0.7356706
Lン,138,1,663.34468,485.76131,2,5,5,4,1973,,1,22000,ダミーカンパニー社,816,0.298365
Sン,99,6,677.9056,840.84098,4,3,3,2,1975,,3,41000,夜月ビール社,779,0.8921841
Yン,178,4,216.536,768.74618,3,1,5,1,1957,,3,14000,ダミーカンパニー社,959,0.50643307
Qン,42,1,128.63914,920.26351,3,3,3,3,1926,,4,28000,成流製造会社,84,0.0127616525
Zン,79,4,23.67155,588.96175,5,5,5,1,1927,,,4000,WC社,24,0.089567244
Nン,192,5,853.63508,581.6833,3,2,2,5,1967,,1,47000,成流製造会社,401,0.4609226
Iン,75,5,789.33293,367.2028,4,1,5,4,1923,,1,14000,,949,0.07681936
Wン,221,3,316.84174,377.771,3,1,2,2,1962,,2,19000,株式会社 ワイナリ,316,0.3043002
Oン,207,4,61.6153,562.60689,5,3,5,1,1964,,,91000,,944,0.11990434
Fン,24,4,370.6367,861.27711,5,5,2,5,1936,,4,96000,ダミーカンパニー社,595,0.59887516
Pン,30,4,792.85177,977.49973,3,1,3,3,1954,,2,54000,自家製,285,0.73855454
Lン,108,3,535.5699,373.3049,1,5,5,3,1949,,3,47000,成流製造会社,93,0.19938254
Xン,126,1,330.83065,869.62987,3,3,1,1,1979,,5,74000,WC社,367,0.44256574
Aン,197,4,948.73371,894.88501,2,1,3,3,1962,,1,12000,株式会社 ワイナリ,185,0.70760655
Sン,4,2,957.2378,412.73055,4,3,3,3,1972,,,58000,ワイナリーカンパニー,123,0.9918136
Iン,22,3,421.8717,247.27393,5,3,4,5,1962,,2,0,株式会社 ワイナリ,848,0.692308
Cン,231,6,336.72767,855.68719,2,1,2,1,1917,,1,66000,ワイナリ,933,0.1754117
Xン,179,4,725.19206,806.40315,2,4,2,1,1967,,1,59000,自家製,248,0.72015804
Tン,192,5,261.39685,556.50761,4,2,3,2,1933,,3,67000,ワイナリ社,563,0.5549352
Gン,209,1,912.46989,291.84087,3,2,1,2,1987,,2,,,723,0.09565437
Pン,14,6,834.4789,532.95475,2,2,2,3,1986,,2,60000,ワイナリ,951,0.2064485
Qン,222,4,901.23802,249.39632,3,1,2,5,1967,,4,35000,ワイナリ社,847,0.9902654
Yン,209,4,920.22433,684.65518,3,3,3,5,1996,,3,74000,成流製造会社,696,0.45248646
Aン,118,3,851.47734,636.49453,3,3,4,1,1956,,3,,ワイナリ,973,0.67330563
Xン,104,6,780.40517,806.95934,4,2,1,5,1993,,4,56000,,573,0.31342363
Wン,231,5,16.62304,317.76105,4,4,1,2,1984,,4,37000,株式会社ワイナリ,805,0.40084016
Vン,26,5,762.28018,508.315,4,2,4,3,1924,,2,,ワイナリ,923,0.2873866
Vン,213,2,528.88635,476.9183,5,3,2,1,1922,,3,92000,ダミーカンパニー社,588,0.7547413
Nン,143,1,300.75185,10.7022,1,3,2,2,1921,,2,5000,株式会社 ワイナリ,851,0.48420393
Aン,200,6,301.75709,767.90139,2,3,1,1,1974,,2,45000,WC社,997,0.2754786
Rン,7,2,46.39732,337.66697,3,2,1,5,1945,,5,,WC社,115,0.6217923
Iン,30,1,922.86208,899.76166,3,3,1,4,,,4,70000,WC社,655,0.9812232
Fン,10,3,766.2054,741.153,1,4,3,5,1989,,,,ワイナリ,684,0.1539005
Zン,174,6,150.2112,558.78273,5,1,4,1,1977,,5,16000,株式会社 ワイナリ,722,0.4575861
Hン,2,1,597.86181,911.89257,2,4,3,4,1964,,2,72000,ダミーカンパニー社,379,0.4162851
Dン,179,6,639.44027,601.15525,3,1,4,2,1956,,5,94000,ワイナリ社,619,0.33129287
Qン,109,6,811.17793,66.79905,2,3,2,1,1953,,2,93000,ワイナリ,910,0.39197677
Vン,22,3,351.552,208.95006,4,4,3,5,1969,,4,35000,株式会社 ワイナリ,51,0.19399476
Bン,140,2,509.183,60.24476,4,2,1,1,1942,,3,31000,ダミーカンパニー社,308,0.41817647
Pン,13,5,517.56897,645.42191,3,2,3,2,1953,,5,96000,ダミーカンパニー社,318,0.44045776
Pン,115,3,979.58,307.61556,3,5,1,2,,,2,,夜月ビール社,676,0.65477955
Qン,96,3,474.65583,542.34777,1,3,5,2,1953,,4,69000,ワイナリ社,543,0.95422965
Lン,128,4,541.49031,264.35584,2,4,5,1,1938,,1,90000,ワイナリーカンパニー,762,0.98040265
Zン,91,2,732.7298,908.8945,3,1,3,3,1998,,2,61000,夜月ビール社,749,0.61709726
Eン,103,2,436.74993,614.1265,1,3,2,3,1962,,5,5000,ダミーカンパニー社,824,0.6768705
Oン,79,5,63.18032,14.859,5,4,2,1,1942,,2,31000,ワイナリーカンパニー,612,0.1065647
Dン,108,1,2.86062,478.87272,3,4,3,2,,,1,,ワイナリ社,945,0.7621445
Zン,112,5,223.69548,591.90688,5,4,3,3,1927,,3,18000,ダミーカンパニー社,40,0.5300915
Vン,193,4,59.68953,80.32642,3,3,1,2,1926,,2,23000,ダミーカンパニー社,99,0.79248476
Xン,31,2,691.53238,563.98348,4,3,3,5,1922,,3,66000,WC社,21,0.3052119
Wン,203,6,188.477,277.94101,1,5,5,1,,,3,62000,ワイナリ,216,0.3769439
Eン,122,2,709.79572,263.15907,5,5,4,2,1943,,4,8000,ワイナリ社,652,0.17815512
Oン,155,1,960.15378,531.2392,3,3,3,1,,,5,99000,株式会社 ワイナリ,151,0.8031536
Fン,100,3,520.6382,110.4398,5,5,3,1,1915,,5,71000,ダミーカンパニー社,439,0.4449408
Yン,66,4,857.76493,926.46055,2,3,4,2,1922,,1,74000,ワイナリ,257,0.105568886
Cン,191,5,859.61712,794.38334,5,3,1,5,1955,,3,83000,成流製造会社,883,0.26284242
Eン,51,1,988.20803,713.15871,2,2,4,1,1987,,2,21000,ワイナリ社,261,0.31128675
Eン,161,6,960.94494,655.7376,5,3,4,4,1999,,5,33000,成流製造会社,963,0.37881505
Bン,184,5,422.4615,214.75952,1,3,4,1,1937,,2,72000,ワイナリ社,355,0.51077634
Hン,215,3,135.24549,927.35171,5,4,2,4,,,3,42000,株式会社 ワイナリ,529,0.14426178
Cン,106,4,133.57435,519.45693,5,4,4,1,1919,,3,65000,成流製造会社,990,0.31776673
Oン,23,5,703.4965,934.37807,2,2,5,4,1922,,,25000,ワイナリーカンパニー,731,0.25685632
Wン,54,2,993.76127,474.36852,2,2,4,5,,,5,35000,自家製,714,0.28310204
Bン,99,2,341.5104,41.67093,3,3,3,2,1921,,2,12000,自家製,413,0.8648902
Oン,82,1,824.90941,96.5285,3,3,3,4,1918,,1,41000,,520,0.9564408
Aン,217,4,361.43988,33.5722,3,3,3,5,,,1,13000,ワイナリ社,577,0.6432524
Aン,73,3,163.18441,316.72257,5,3,3,3,1966,,3,63000,株式会社ワイナリ,875,0.54323536
Hン,223,4,915.44197,89.63901,4,3,4,5,,,5,98000,ダミーカンパニー社,314,0.98435885
Zン,175,6,196.93569,399.1663,5,1,1,1,1943,,5,25000,夜月ビール社,257,0.13732302
Yン,199,1,808.11334,817.1567,5,3,3,1,1994,,5,72000,,830,0.40696883
Yン,37,2,246.66605,886.12706,3,4,3,2,1967,,3,98000,ダミーカンパニー社,920,0.06550324
Iン,83,2,546.48024,794.86,2,1,3,3,2003,,1,,ワイナリ社,216,0.05866754
Fン,110,1,583.73139,934.75437,1,3,4,1,1967,,4,65000,自家製,716,0.51781744
Pン,121,1,5.12034,612.99414,4,3,2,1,1960,,5,62000,ワイナリ社,722,0.70054233
Oン,212,4,5.94286,888.9632,3,4,2,4,2002,,3,49000,ワイナリ,821,0.67213196
Rン,128,4,620.14146,414.43343,3,5,3,5,2009,,2,45000,WC社,920,0.06619924
Wン,137,1,175.83489,166.70691,2,3,4,5,1975,,2,,成流製造会社,215,0.8071806
Cン,158,4,775.10469,737.55148,5,2,2,1,1922,,3,97000,ワイナリーカンパニー,375,0.12248838
Vン,148,1,311.57979,466.39854,5,4,4,4,1986,,3,56000,自家製,838,0.55374575
Eン,40,1,276.89045,729.91276,3,4,4,4,,,3,,ダミーカンパニー社,288,0.5723193
Tン,222,3,801.98116,383.39978,3,4,3,4,1981,,4,10000,WC社,992,0.4566238
Aン,172,1,681.27106,263.63435,3,5,5,2,1916,,1,15000,,168,0.9754013
Jン,128,3,863.63342,562.76432,5,3,5,2,1930,,1,50000,株式会社 ワイナリ,317,0.3098061
Mン,87,2,958.8898,99.49887,1,2,5,1,1988,,4,,自家製,542,0.5794109
Aン,37,1,55.79952,516.12522,4,3,5,4,1944,,5,99000,ワイナリーカンパニー,317,0.30708468
Xン,166,4,70.15816,211.39188,5,5,2,2,1915,,1,7000,成流製造会社,834,0.8809634
Wン,80,3,192.70542,959.69416,2,2,4,3,1946,,2,22000,ワイナリ社,498,0.24742317
Lン,162,1,117.27345,897.75266,5,4,3,3,1953,,3,80000,,737,0.09588462
Sン,180,5,586.88558,386.11493,3,2,5,5,1959,,2,89000,株式会社 ワイナリ,464,0.87699234
Wン,146,3,452.97442,252.83687,3,2,2,3,1923,,2,,,486,0.7196156
Eン,8,3,607.60174,432.90974,5,3,5,5,1924,,2,9000,株式会社ワイナリ,2,0.09353113
Kン,164,2,77.85278,249.95941,3,5,2,2,,,3,55000,自家製,218,0.30668527
Mン,122,4,484.15213,199.95469,3,2,5,2,1976,,2,88000,自家製,559,0.6647909
Yン,227,5,168.75393,240.37231,4,4,2,2,1998,,3,18000,ワイナリーカンパニー,175,0.16263211
Hン,142,4,805.54076,703.50034,3,3,2,3,1956,,,83000,ワイナリーカンパニー,968,0.18935245
Jン,36,5,785.91538,205.86673,2,3,4,4,1972,,3,70000,ワイナリ,837,0.7144059
Oン,173,3,928.1957,156.66286,4,3,2,4,1960,,2,79000,ワイナリ社,750,0.056509435
Vン,36,6,175.28589,43.16486,5,5,2,2,1976,,3,63000,株式会社ワイナリ,684,0.8112475
Vン,144,3,21.36408,144.72314,1,2,1,5,1917,,1,58000,,541,0.7108717
Fン,172,6,18.28861,46.39321,5,1,1,1,2010,,5,10000,株式会社 ワイナリ,988,0.39667046
Zン,108,1,858.28406,943.2101,5,3,2,5,1925,,5,69000,WC社,625,0.27266496
Bン,113,5,781.74242,573.67511,2,2,3,3,1942,,3,16000,ワイナリ,184,0.25818545
Wン,115,4,43.85121,580.12355,4,3,5,2,1974,,4,77000,株式会社ワイナリ,315,0.94751096
Qン,136,4,514.30131,666.72387,3,3,5,5,1946,,3,16000,成流製造会社,75,0.9650989
Eン,98,6,87.60104,980.80387,3,1,1,5,2008,,1,82000,ワイナリ,126,0.3780471
Fン,234,3,630.3604,165.73498,4,2,1,4,1992,,1,14000,株式会社ワイナリ,480,0.11114234
Yン,187,4,510.70428,314.53732,3,3,5,1,1995,,4,88000,ダミーカンパニー社,816,0.29789263
Dン,15,2,972.37348,79.42812,3,3,1,1,,,,30000,株式会社 ワイナリ,564,0.8532108
Lン,115,1,731.18011,565.2367,3,5,4,2,1953,,4,27000,自家製,237,0.21974212
Fン,13,5,421.98347,713.18659,1,4,4,3,1973,,3,24000,株式会社 ワイナリ,268,0.68334174
Mン,229,1,988.58483,251.7977,4,2,5,3,1952,,4,3000,ワイナリ社,88,0.024273574
Nン,115,3,320.15531,812.45449,4,5,5,2,1917,,1,89000,ワイナリ社,156,0.6407955
Dン,178,4,181.76639,833.66199,3,1,3,3,1994,,1,16000,株式会社ワイナリ,719,0.05043745
Mン,28,5,575.60917,645.41072,5,3,5,3,1946,,2,7000,自家製,322,0.25268757
Hン,103,5,294.81137,84.78452,4,3,5,3,1933,,2,72000,株式会社ワイナリ,939,0.16072136
Pン,51,5,669.88543,482.73157,1,5,2,4,1964,,1,75000,ワイナリ社,729,0.24311507
Kン,20,2,278.10867,548.95219,1,1,4,5,2013,,5,55000,ワイナリーカンパニー,417,0.38514924
Eン,5,4,654.96919,384.84822,1,3,5,5,1976,,,74000,ダミーカンパニー社,583,0.4881457
Jン,28,2,522.31562,716.12308,3,4,2,4,1918,,4,54000,株式会社ワイナリ,723,0.722867
Lン,94,6,683.12702,74.5954,4,1,2,4,2012,,1,82000,株式会社ワイナリ,289,0.67416525
Fン,100,1,778.4607,837.97963,3,5,4,1,1951,,1,22000,ダミーカンパニー社,240,0.9490791
Sン,7,4,577.93741,72.77859,3,4,2,4,1951,,5,,ダミーカンパニー社,56,0.8428088
Nン,39,6,389.13906,294.866,3,2,3,5,1957,,5,,株式会社ワイナリ,380,0.935684
Vン,104,6,43.26805,260.95298,2,5,5,1,1952,,5,91000,ワイナリーカンパニー,20,0.8360395
Cン,21,6,404.5033,792.99376,3,3,2,5,1930,,3,17000,夜月ビール社,102,0.38639778
Vン,198,4,774.5744,934.27395,4,3,3,4,1964,,2,33000,ワイナリーカンパニー,257,0.7761761
Wン,13,5,574.6606,603.81893,3,3,3,3,2005,,4,22000,WC社,598,0.8911366
Iン,33,6,491.34127,874.3687,4,3,1,3,1977,,5,86000,自家製,448,0.4804327
Sン,62,5,16.72858,378.4562,1,1,3,4,1967,,1,50000,ワイナリーカンパニー,959,0.3183375
Tン,113,3,827.6221,425.15666,2,2,4,2,1966,,5,4000,成流製造会社,112,0.071395874
Aン,103,2,501.67204,219.70203,3,1,4,2,,,3,86000,株式会社ワイナリ,691,0.9242734
Fン,198,3,821.5687,929.53489,1,2,5,1,1945,,4,98000,ワイナリ,361,0.09213543
Sン,26,2,552.63543,492.95862,2,4,3,2,1978,,2,3000,株式会社 ワイナリ,344,0.14818823
Yン,202,6,917.75905,932.453,3,5,1,4,1948,,,86000,株式会社ワイナリ,901,0.02766627
Nン,164,2,266.1726,138.70189,3,2,1,4,1956,,3,56000,WC社,508,0.8277058
Vン,47,4,124.88998,793.54365,3,4,3,1,1923,,3,95000,,148,0.707329
Dン,197,5,294.14188,91.72242,5,5,2,3,1922,,1,18000,ワイナリ,743,0.68997717
Dン,204,2,137.62948,741.62747,5,3,5,3,1971,,5,29000,ワイナリ,898,0.45687562
Lン,86,2,476.7491,263.40381,4,3,2,1,,,1,40000,夜月ビール社,232,0.7149085
Kン,42,2,735.54943,478.42175,5,2,3,1,1946,,,40000,夜月ビール社,570,0.30225778
Kン,177,3,227.89657,211.59689,3,5,5,1,1939,,5,68000,ワイナリーカンパニー,643,0.9081296
Lン,202,2,527.14131,824.36235,3,3,5,1,1953,,4,76000,成流製造会社,363,0.515023
Yン,51,1,760.7662,628.2984,3,2,3,1,1988,,5,34000,ダミーカンパニー社,662,0.95948654
Vン,188,1,720.51,547.54996,3,4,3,5,1917,,2,12000,ダミーカンパニー社,670,0.4820249
Eン,136,3,380.60411,84.15836,2,5,2,3,1994,,5,89000,ダミーカンパニー社,139,0.09197664
Rン,197,2,476.77842,320.70395,1,3,5,5,1990,,2,47000,ダミーカンパニー社,747,0.553716
Qン,80,3,143.29229,889.58029,5,3,3,5,1927,,1,,成流製造会社,625,0.18567926
Cン,210,5,242.63483,184.68363,3,5,4,2,1936,,4,68000,ワイナリ,307,0.4502893
Pン,213,5,907.37517,482.16179,1,4,5,3,1984,,,90000,株式会社ワイナリ,978,0.1822986
Aン,124,4,641.73337,146.18787,1,4,2,1,1990,,,10000,,321,0.66706604
Vン,38,6,751.66915,61.3462,3,4,5,1,1918,,2,21000,WC社,652,0.7103367
Rン,4,5,296.51079,548.68196,2,1,3,1,1965,,,49000,ダミーカンパニー社,179,0.3546313
Jン,75,3,774.88661,154.8,3,3,2,3,1942,,5,10000,夜月ビール社,428,0.96337605
Pン,216,5,740.34751,85.75792,5,2,5,1,2011,,4,79000,株式会社ワイナリ,412,0.3221702
Lン,220,1,457.11737,171.2756,1,3,2,2,1944,,3,92000,ワイナリ,355,0.0035530925
Pン,94,5,182.38297,407.62601,2,3,1,1,1992,,1,27000,自家製,247,0.1466794
Sン,6,3,714.15588,130.93434,3,1,3,4,,,2,15000,自家製,87,0.2417677
Yン,121,1,643.39096,795.9449,4,2,2,5,1991,,,45000,ワイナリ社,520,0.28339422
Kン,152,5,407.8294,809.99272,1,3,3,5,1942,,2,77000,WC社,79,0.9661597
Nン,17,2,88.41639,457.46164,4,5,4,2,1960,,2,99000,株式会社ワイナリ,424,0.81816226
Aン,107,2,569.35722,959.80866,5,3,2,2,2011,,5,27000,株式会社 ワイナリ,647,0.84638226
Tン,152,6,415.17992,275.53324,4,1,1,2,1963,,1,16000,夜月ビール社,759,0.19387943
Hン,232,3,273.15782,951.76,1,1,2,3,1998,,4,60000,,325,0.6939839
Mン,110,3,513.17347,589.25037,4,1,3,2,1962,,1,25000,自家製,92,0.20355117
Rン,51,4,284.22456,828.25044,4,1,4,2,1986,,5,18000,ワイナリ,565,0.9286472
Cン,232,2,403.91098,236.82479,2,1,2,3,1931,,5,60000,成流製造会社,367,0.14513212
Qン,78,3,384.24563,177.7132,3,1,1,5,1987,,5,83000,ワイナリーカンパニー,997,0.040311813
Sン,148,3,726.2138,843.43891,3,2,2,5,1943,,1,,ワイナリ,16,0.8502372
Vン,169,3,760.38645,537.92605,4,3,5,4,,,1,14000,夜月ビール社,509,0.46711475
Jン,23,5,939.9425,763.94064,1,4,5,1,1917,,2,9000,ワイナリーカンパニー,408,0.7234315
Fン,72,3,493.43998,812.57141,5,3,1,1,1976,,,32000,株式会社ワイナリ,382,0.4241007
Cン,124,4,883.65027,24.67952,1,4,5,2,1995,,1,35000,ワイナリーカンパニー,491,0.4395275
Wン,174,2,327.46919,540.20355,2,1,1,2,,,2,,夜月ビール社,504,0.683221
Qン,24,5,407.59208,970.87703,3,4,5,2,1965,,4,18000,株式会社ワイナリ,855,0.5318016
Hン,188,5,380.4134,792.14863,5,3,3,3,1942,,1,32000,ワイナリーカンパニー,336,0.39439023
Bン,67,4,382.68545,564.13617,4,5,5,3,1924,,2,18000,株式会社ワイナリ,178,0.20973933
Hン,199,1,254.90472,859.86602,1,5,3,3,1990,,3,43000,ワイナリ社,817,0.39273518
Kン,70,3,886.81763,442.90508,1,3,4,1,2010,,,40000,ワイナリーカンパニー,777,0.50083244
Aン,182,3,81.3951,836.13489,3,5,2,2,2003,,3,42000,,173,0.61132234
Rン,28,5,315.72639,573.36729,3,3,2,2,1973,,4,64000,ワイナリ社,257,0.91640425
Bン,91,2,259.86278,729.59741,3,3,2,2,1964,,4,,ダミーカンパニー社,965,0.23442686
Lン,72,3,533.4818,599.39815,2,2,5,2,1926,,4,42000,ワイナリ,395,0.7699531
Qン,222,4,734.34327,923.6553,3,4,3,1,2000,,4,65000,成流製造会社,109,0.4639277
Fン,76,4,168.83429,979.95194,5,5,2,2,1931,,1,29000,ダミーカンパニー社,585,0.11934531
Lン,204,6,928.85672,334.5151,1,5,3,5,1969,,3,42000,,376,0.1245172
Pン,219,4,267.24864,410.82305,4,5,2,2,1932,,4,15000,WC社,114,0.856264
Cン,108,1,997.3204,930.36018,5,4,5,4,1996,,,42000,ワイナリ社,364,0.1506015
Eン,26,1,916.11127,237.98667,1,1,5,5,1970,,4,,,127,0.14475495
Lン,83,5,746.35392,127.22091,3,3,5,5,1983,,2,98000,成流製造会社,582,0.64865065
Eン,124,2,15.6565,910.70231,4,3,3,3,1921,,5,21000,ワイナリ,866,0.8785412
Kン,84,6,957.58015,274.26537,3,1,4,3,1983,,5,66000,ワイナリ社,323,0.8834993
Pン,88,4,292.4738,56.4089,5,5,3,1,,,1,35000,ワイナリ,303,0.91999584
Aン,97,1,154.68325,879.99886,1,5,5,5,1959,,1,,ワイナリ社,211,0.8230672
Tン,142,4,942.4239,867.71117,1,3,3,1,1983,,2,22000,ワイナリ,595,0.15842623
Dン,224,2,492.35751,13.22829,2,5,4,5,1962,,1,87000,ワイナリ,973,0.17066795
Kン,165,6,462.65917,644.57776,1,3,3,1,1919,,4,0,ワイナリ,521,0.28853709
Oン,186,3,371.71545,651.18894,2,4,1,4,1990,,4,29000,WC社,650,0.22892326
Pン,70,4,765.68766,147.20908,3,3,4,5,2003,,3,30000,自家製,147,0.19456893
Wン,192,2,866.67219,997.35297,3,4,1,2,1945,,1,44000,ワイナリ,932,0.8356066
Nン,135,2,466.75824,932.98027,2,4,5,5,,,4,49000,成流製造会社,205,0.14702135
Uン,179,2,110.18155,269.66529,1,4,5,2,1999,,2,96000,ダミーカンパニー社,477,0.3794368
Kン,93,4,783.90672,29.99425,3,1,3,2,1967,,4,97000,,998,0.26802403
Fン,150,6,350.73434,118.37,1,2,4,5,1965,,2,14000,株式会社ワイナリ,561,0.5234621
Cン,93,3,854.94022,915.46149,4,3,2,4,1925,,4,94000,,555,0.29189312
Nン,176,6,818.66739,693.75299,3,5,3,4,1971,,,86000,ワイナリ,909,0.7762375
Pン,27,1,858.619,499.33947,2,4,1,3,1990,,1,60000,,406,0.27856815
Wン,182,2,927.52547,821.92561,5,3,3,3,1939,,4,72000,株式会社 ワイナリ,593,0.94860166
Dン,15,1,50.24255,104.99741,5,5,4,5,1956,,3,89000,株式会社ワイナリ,274,0.32428038
Jン,109,1,254.97891,285.66054,4,2,3,4,2003,,3,95000,株式会社 ワイナリ,372,0.29891044
Fン,44,3,992.89387,159.91556,3,1,2,1,1962,,5,37000,ワイナリーカンパニー,213,0.7638583
Iン,173,5,666.58641,682.89609,1,5,2,2,1951,,1,44000,株式会社ワイナリ,460,0.40883535
Sン,140,3,927.36112,197.14398,4,1,3,3,,,3,48000,成流製造会社,905,0.34891486
Dン,74,5,880.97169,855.71215,5,3,3,5,1929,,3,51000,,834,0.117688954
Jン,230,3,910.94574,961.52448,1,5,3,4,1957,,3,58000,ワイナリ社,447,0.075191796
Kン,57,3,75.5472,602.97405,1,1,2,5,1968,,3,54000,株式会社 ワイナリ,494,0.5485646
Rン,41,3,768.8356,20.53876,2,5,5,3,1949,,3,29000,ダミーカンパニー社,318,0.24955696
Zン,42,6,917.25544,970.4134,3,1,2,2,1984,,1,39000,WC社,360,0.8332263
Mン,150,2,555.16871,920.91708,5,5,2,3,1973,,5,65000,,44,0.41294652
Yン,193,3,436.92507,606.79916,3,1,3,1,2013,,,18000,ワイナリ,259,0.7816202
Gン,19,5,570.82569,903.3935,5,3,4,4,,,2,70000,成流製造会社,230,0.31699967
Lン,108,3,439.24971,787.9088,2,4,5,4,2007,,2,61000,WC社,782,0.45027703
Uン,63,5,702.81291,921.40869,3,4,2,2,1938,,1,52000,ダミーカンパニー社,731,0.61247206
Bン,33,4,422.46563,607.54664,2,1,4,5,1919,,2,1000,ダミーカンパニー社,687,0.1900729
Eン,191,1,689.27424,976.32633,3,2,4,1,1961,,5,16000,株式会社ワイナリ,297,0.06365955
Hン,179,2,941.96748,595.24126,5,1,5,2,1962,,,6000,成流製造会社,509,0.49896437
Oン,9,2,149.29638,978.1302,2,1,2,2,1931,,4,26000,ワイナリ,332,0.79381114
Iン,18,3,89.42892,59.11008,4,3,2,4,1943,,4,29000,株式会社 ワイナリ,837,0.12219697
Jン,164,2,747.51038,380.53491,4,3,3,5,1969,,,65000,株式会社 ワイナリ,695,0.38347167
Zン,38,6,8.26555,441.98869,5,2,4,1,1949,,5,97000,自家製,870,0.22316003
Bン,225,6,720.15542,755.56041,5,1,3,2,,,3,,WC社,294,0.9236864
Uン,46,5,165.94351,382.34971,2,2,4,4,1964,,1,34000,ワイナリ,925,0.15061903
Cン,57,4,129.22304,818.2474,3,5,5,1,2012,,,87000,,151,0.719599
Wン,74,4,809.1968,977.18426,3,3,4,3,2004,,4,96000,WC社,605,0.08038634
Fン,151,2,224.53098,335.68324,5,3,2,4,1944,,4,40000,株式会社ワイナリ,953,0.507087
Zン,131,2,462.86299,414.68405,2,2,3,1,1948,,2,,ワイナリ,503,0.09260619
Vン,78,1,532.6852,486.59666,2,3,4,4,1937,,3,32000,成流製造会社,867,0.7893078
Wン,230,6,276.37477,666.90135,5,3,5,2,1937,,2,92000,ワイナリ,726,0.03268367
Kン,5,5,124.6146,718.67868,3,3,5,2,1921,,1,34000,ワイナリーカンパニー,475,0.7174421
Kン,46,6,426.72676,862.16564,2,1,5,1,1967,,,,WC社,437,0.5168018
Sン,201,6,959.27833,130.84084,3,2,3,5,1940,,2,61000,株式会社ワイナリ,944,0.75289583
Vン,104,1,494.84566,42.50553,4,1,3,2,,,1,,ワイナリ,206,0.040834725
Sン,48,4,593.93208,185.9068,1,5,1,1,1961,,,,,183,0.94987434
Iン,61,4,782.88464,515.23142,3,3,4,2,1992,,5,21000,,22,0.7363261
Gン,229,5,582.61185,108.25239,1,2,3,3,1970,,3,12000,夜月ビール社,532,0.71929276
Dン,183,1,154.16607,579.82781,4,4,5,2,1965,,3,11000,株式会社 ワイナリ,852,0.25233388
Nン,84,6,317.7353,205.53089,3,2,5,3,1916,,1,,成流製造会社,102,0.61377347
Dン,11,2,704.61949,51.79706,1,3,4,2,2004,,3,11000,自家製,130,0.4954577
Zン,129,5,814.6611,840.83723,4,3,2,4,,,5,80000,ワイナリーカンパニー,337,0.9874244
Qン,20,1,316.20672,62.8106,2,1,3,5,1929,,5,44000,自家製,172,0.015400708
Rン,179,1,35.14528,891.24666,5,3,3,3,1996,,,23000,自家製,384,0.39287448
Nン,123,2,984.45647,893.87265,3,3,1,3,1991,,3,2000,株式会社 ワイナリ,354,0.28325146
Lン,161,6,837.2688,549.39319,3,1,1,1,1983,,2,,ワイナリ,149,0.13638514
Xン,14,3,197.14252,225.5552,2,4,4,3,2001,,2,76000,株式会社 ワイナリ,471,0.30782098
Qン,104,1,416.75827,744.30365,3,3,5,1,2007,,2,66000,ワイナリ社,399,0.8775994
Tン,181,3,448.50357,349.5034,1,1,3,2,1938,,2,43000,ワイナリーカンパニー,230,0.21229821
Rン,124,3,447.77018,324.91054,3,3,3,2,2011,,2,,成流製造会社,920,0.99266905
Mン,21,1,702.26668,463.2542,3,5,3,5,1921,,1,49000,成流製造会社,917,0.6491726
Pン,90,2,18.3365,379.5697,4,2,3,3,1979,,3,90000,ワイナリ,687,0.96862227
Qン,155,1,631.67677,933.6941,5,3,1,2,1998,,4,15000,WC社,301,0.45157766
Tン,94,3,268.89762,397.7544,2,2,2,4,1971,,,50000,ワイナリ社,674,0.75907636
Vン,94,4,888.31596,483.97814,3,1,3,3,1986,,5,92000,株式会社ワイナリ,745,0.8604285
Mン,111,1,255.24907,322.50809,4,3,5,4,1999,,5,89000,WC社,17,0.5398392
Zン,146,1,918.93264,815.95335,4,2,5,3,1996,,1,72000,WC社,488,0.69137096
Kン,28,5,13.3526,442.74928,4,2,2,1,,,2,85000,自家製,65,0.23167628
Kン,225,5,864.4626,967.36687,2,3,4,1,1978,,1,28000,ワイナリ社,637,0.089772046
Dン,89,4,836.92754,465.61538,3,4,3,3,1947,,4,60000,自家製,567,0.7140956
Xン,19,3,588.22945,665.10017,3,1,2,4,2013,,2,,WC社,417,0.9819878
Dン,16,3,718.2943,529.82338,4,2,1,5,,,2,47000,株式会社ワイナリ,567,0.7938989
Xン,140,1,283.32205,925.6391,2,1,5,2,1931,,4,94000,ワイナリ社,251,0.6213488
Rン,46,5,792.65242,575.78647,5,4,5,3,1920,,1,99000,ワイナリ,903,0.45320934
Lン,44,5,153.40754,352.51969,3,3,2,3,1990,,5,78000,WC社,924,0.10931885
Jン,134,2,906.82023,535.84876,2,5,2,1,1938,,5,56000,成流製造会社,122,0.97924286
Wン,29,4,108.25792,436.52264,3,2,4,1,1921,,4,58000,夜月ビール社,454,0.2060237
Pン,82,3,305.62713,89.52214,4,1,5,1,1930,,4,99000,ワイナリ社,582,0.75520235
Oン,53,2,674.70555,813.72418,1,3,3,3,1944,,3,67000,ワイナリ社,56,0.28547746
Vン,229,6,558.16806,768.99504,5,3,3,4,1920,,4,78000,夜月ビール社,734,0.8794444
Dン,172,5,867.38433,24.2463,3,5,3,3,1983,,2,97000,自家製,276,0.79859775
Lン,86,1,946.1363,248.1807,2,2,3,1,1933,,1,0,株式会社ワイナリ,932,0.66130984
Qン,83,6,648.83467,198.68029,4,4,3,5,1919,,1,14000,,97,0.6177925
Dン,218,3,986.15132,881.46251,2,4,3,5,1948,,,,ワイナリ社,270,0.06887895
Bン,80,1,530.56794,172.17021,4,3,4,2,1972,,3,,WC社,441,0.89308125
Pン,151,3,190.25943,851.4619,3,3,3,5,1949,,4,60000,ワイナリ,675,0.12322277
Bン,172,2,951.44095,816.52365,3,3,2,5,1954,,5,43000,WC社,841,0.6578349
Cン,115,6,820.60062,120.28382,3,4,3,2,1989,,4,11000,自家製,437,0.26290703
Iン,154,4,401.84093,260.97,5,3,3,2,,,5,45000,株式会社ワイナリ,398,0.28827578
Hン,193,4,859.39757,144.92657,3,4,4,1,1969,,2,33000,,727,0.06040913
Wン,206,4,764.2405,993.40971,4,2,3,1,1996,,5,,WC社,792,0.1841532
Bン,107,4,303.29151,438.28167,5,5,3,2,,,2,98000,株式会社 ワイナリ,123,0.06437647
Sン,164,5,72.83466,147.73342,4,2,1,2,1988,,4,62000,WC社,90,0.6947119
Zン,174,4,54.25043,825.96599,4,4,5,3,1989,,3,,ダミーカンパニー社,534,0.5609765
Iン,57,3,540.19434,870.188,5,2,5,5,1981,,4,8000,夜月ビール社,963,0.60922986
Eン,94,5,725.76776,929.68249,5,2,3,2,1957,,2,4000,,848,0.25823355
Kン,41,5,427.39684,209.83738,2,1,3,5,,,5,15000,ダミーカンパニー社,782,0.81521004
Xン,187,5,674.64827,139.6842,3,1,5,3,1966,,1,53000,ワイナリ,688,0.79804766
Qン,169,6,607.29196,373.91336,4,4,3,3,1981,,5,68000,ワイナリ社,346,0.6364489
Aン,179,3,407.16387,789.86216,5,1,3,4,2005,,2,58000,夜月ビール社,858,0.65084434
Cン,103,5,351.26312,471.135,2,3,5,5,1925,,2,82000,自家製,395,0.438591
Fン,141,6,416.55335,377.72045,2,1,3,3,,,3,21000,株式会社ワイナリ,916,0.6763827
Gン,194,3,543.61407,216.36764,2,5,5,3,1993,,1,12000,成流製造会社,479,0.024216115
Bン,64,1,546.21165,912.15476,4,3,3,5,1991,,,3000,自家製,624,0.50974476
Cン,137,3,825.53246,508.5849,2,3,5,3,,,1,,ダミーカンパニー社,790,0.26505202
Tン,80,6,853.70881,781.9179,3,5,3,3,1997,,1,58000,,530,0.2561021
Kン,18,6,382.80307,579.38619,4,4,5,5,1965,,5,51000,,335,0.76104593
Gン,55,5,739.53897,161.58931,5,5,2,5,1915,,1,,ダミーカンパニー社,463,0.4220453
Lン,157,5,255.93207,537.48721,4,3,2,3,1954,,1,2000,ワイナリ,675,0.66461474
Nン,148,4,798.28396,338.45324,4,2,2,1,1945,,1,88000,ワイナリーカンパニー,507,0.2980646
Rン,177,6,541.89367,901.2458,1,5,3,3,1957,,2,86000,ワイナリ社,658,0.549509
Aン,226,4,32.85962,236.81963,4,1,5,5,1964,,1,78000,夜月ビール社,993,0.6252374
Aン,99,1,918.87706,87.80246,5,3,5,2,,,3,,ワイナリ社,794,0.61357415
Vン,151,2,415.81692,526.86738,3,3,2,2,1914,,2,,ワイナリ,663,0.33471644
Sン,172,6,24.58765,651.43477,1,4,2,2,1951,,5,42000,,596,0.09166378
Yン,68,3,126.71407,387.2346,3,3,4,2,2004,,4,82000,ワイナリーカンパニー,379,0.054517925
Vン,21,3,643.83108,850.89471,3,2,1,5,1978,,5,40000,ワイナリ社,450,0.09803712
Wン,38,2,486.89342,671.18505,1,4,3,4,1925,,1,9000,ダミーカンパニー社,529,0.647588
Aン,169,4,596.59899,535.2318,1,1,1,2,1933,,2,18000,ワイナリ社,596,0.3800258
Jン,206,3,721.87134,27.29301,2,4,1,5,1936,,4,0,ワイナリ社,987,0.97338825
Yン,74,5,14.79288,896.7162,2,3,2,1,1953,,5,4000,ダミーカンパニー社,948,0.5222402
Qン,105,4,683.14137,194.89501,3,5,5,4,1992,,3,47000,ワイナリ,242,0.8311401
Gン,200,6,765.24618,440.97716,2,1,3,1,1968,,,23000,自家製,605,0.5413864
Zン,8,6,661.70097,273.13878,3,3,4,2,1932,,5,31000,ワイナリ社,496,0.33583623
Gン,194,5,4.99344,124.6648,4,5,3,1,1982,,,91000,成流製造会社,986,0.91395247
Qン,19,2,129.75598,368.63404,2,3,5,1,1914,,3,20000,ワイナリ,914,0.2410152
Wン,9,2,765.36036,323.59781,2,1,3,3,1914,,2,,ワイナリーカンパニー,297,0.31972212
Aン,228,6,632.67228,511.57215,5,3,3,4,1954,,2,93000,株式会社ワイナリ,842,0.85612184
Dン,233,4,646.74798,376.68309,1,5,2,4,1937,,4,86000,自家製,577,0.06417596
Uン,24,5,748.2765,745.99432,5,4,2,3,1998,,1,58000,夜月ビール社,811,0.30452758
Zン,131,3,387.69204,936.52431,2,3,4,4,1985,,5,29000,ワイナリ社,602,0.37525284
Mン,83,4,780.97918,697.85297,5,4,3,5,1952,,3,70000,株式会社 ワイナリ,626,0.012125492
Mン,7,3,629.647,278.7666,3,1,3,1,1919,,3,,ワイナリーカンパニー,450,0.82927835
Rン,195,5,725.71674,878.72024,5,1,2,4,1979,,5,,ダミーカンパニー社,994,0.33724052
Eン,200,5,404.10853,61.51963,4,2,1,3,1998,,5,43000,夜月ビール社,765,0.35933137
Gン,97,6,636.21419,744.88,4,5,4,4,2002,,3,85000,WC社,457,0.93247384
Cン,69,3,219.86066,953.70251,5,3,4,3,1918,,2,37000,ワイナリ社,342,0.17183155
Uン,156,4,502.72972,926.70127,1,5,4,4,,,1,18000,株式会社ワイナリ,665,0.19482094
Mン,77,4,215.94448,312.42804,1,4,4,5,2008,,,95000,ワイナリ社,162,0.28018028
Dン,188,6,956.30054,878.28594,1,5,3,1,1933,,4,7000,株式会社 ワイナリ,77,0.8999272
Iン,178,1,145.8794,700.60841,2,4,5,5,1990,,4,31000,成流製造会社,486,0.6832541
Qン,172,2,160.2021,236.81003,1,4,1,2,1974,,2,,,714,0.7791554
Dン,178,2,363.40799,901.83012,2,4,5,3,1924,,,,株式会社 ワイナリ,467,0.7966812
Eン,75,3,494.30962,955.7143,2,5,3,4,1955,,3,34000,夜月ビール社,434,0.15216702
Iン,233,3,937.63248,455.63921,4,1,1,4,2007,,1,28000,株式会社 ワイナリ,129,0.055005133
Gン,224,1,165.53984,947.3007,1,3,3,4,1994,,1,,成流製造会社,25,0.9879498
Tン,181,2,85.19148,554.6207,3,5,2,3,1986,,1,87000,ワイナリーカンパニー,291,0.6055044
Oン,114,5,757.93692,166.27601,4,4,3,3,,,5,48000,自家製,831,0.16302252
Yン,7,5,948.51425,192.68605,4,4,1,5,1985,,,11000,自家製,989,0.13199735
Iン,119,4,63.10076,831.52522,5,5,1,2,1989,,1,79000,夜月ビール社,820,0.390998
Fン,200,1,504.2552,845.59281,3,3,2,4,1937,,1,27000,夜月ビール社,213,0.75162864
Pン,113,5,204.80133,495.85375,4,3,2,5,2001,,3,44000,株式会社ワイナリ,58,0.06261134
Gン,80,4,209.10122,578.31144,2,5,3,2,1982,,3,77000,株式会社 ワイナリ,56,0.69409245
Gン,49,6,681.64093,858.47892,1,1,4,2,1968,,3,31000,成流製造会社,467,0.3548903
Pン,112,5,641.1328,833.35274,4,3,2,5,1937,,,9000,夜月ビール社,944,0.17391777
Vン,137,4,300.17681,954.28764,3,4,3,4,1981,,4,41000,ワイナリーカンパニー,553,0.16338712
Kン,77,1,809.41882,907.2319,3,4,2,3,2005,,,61000,ワイナリーカンパニー,139,0.3325714
Uン,38,3,322.96303,645.9725,3,3,3,5,1932,,1,51000,,450,0.10234153
Iン,140,1,17.323,976.61127,2,3,5,4,1934,,2,5000,ダミーカンパニー社,989,0.2118923
Iン,47,4,265.73633,8.89717,5,4,3,1,2011,,1,70000,ワイナリ社,279,0.76587576
Dン,215,5,245.73188,617.94522,5,2,2,4,1947,,3,71000,ワイナリ,701,0.7878876
Eン,116,4,808.91703,96.53437,5,4,3,5,1990,,1,,,672,0.60258794
Dン,146,5,853.77752,766.85204,3,3,2,5,1982,,3,25000,自家製,428,0.19122994
Oン,15,6,506.62,546.93398,3,4,1,1,2000,,3,73000,自家製,394,0.581286
Gン,132,2,678.8265,902.32099,5,2,2,2,1916,,5,37000,夜月ビール社,604,0.9642538
Tン,118,1,791.26151,105.94797,3,2,1,3,1988,,5,78000,,515,0.81564766
Bン,168,3,257.1709,944.25732,5,4,5,5,1979,,4,11000,WC社,487,0.53279155
Pン,218,1,779.36755,820.14597,4,2,5,2,1975,,4,29000,夜月ビール社,924,0.26261193
Wン,143,1,382.54968,8.39113,4,5,3,2,1970,,5,,夜月ビール社,852,0.8166319
Gン,122,5,572.29267,264.13067,1,1,2,1,,,,34000,ワイナリ社,70,0.9380159
Pン,229,5,951.19199,655.90091,3,2,2,1,1963,,5,97000,株式会社 ワイナリ,484,0.30526364
Vン,72,6,64.6195,830.86937,2,1,1,4,1919,,2,94000,ワイナリ社,947,0.7124908
Iン,219,6,177.54609,44.52977,1,4,1,3,,,3,57000,夜月ビール社,728,0.8563985
Bン,193,2,206.72125,845.39179,2,2,1,4,,,3,46000,成流製造会社,34,0.69610244
Nン,127,4,24.43573,987.98519,2,4,3,2,1923,,5,,ワイナリ社,974,0.33990896
Uン,123,1,718.93136,580.56026,3,4,3,5,1924,,4,63000,ワイナリ社,574,0.3174814
Qン,224,5,110.78466,902.8617,3,3,4,4,1971,,4,63000,ワイナリ,659,0.69079524
Nン,97,6,477.96241,69.91881,4,2,1,1,1962,,1,93000,ダミーカンパニー社,526,0.54465294
Rン,103,3,167.89221,945.51976,2,5,4,2,1929,,2,31000,,721,0.06836319
Sン,67,3,326.9551,424.61142,2,1,4,5,1981,,4,94000,ダミーカンパニー社,238,0.07290375
Nン,217,5,771.16845,876.40058,3,5,2,1,1952,,5,75000,株式会社 ワイナリ,339,0.039819717
Nン,159,4,83.47649,394.7394,3,2,1,4,,,3,45000,ワイナリーカンパニー,327,0.6351336
Uン,150,5,94.89185,692.7483,4,3,2,1,2009,,1,29000,,120,0.63601166
Vン,207,2,836.87171,785.81446,3,1,3,2,1968,,1,58000,成流製造会社,125,0.23618162
Nン,228,2,334.48139,308.70167,4,2,2,3,1969,,4,61000,株式会社 ワイナリ,731,0.1180765
Fン,84,3,638.65865,188.88062,5,1,3,2,1956,,3,54000,株式会社ワイナリ,672,0.17672002
Nン,62,6,462.67762,543.75994,4,4,1,3,1955,,1,5000,株式会社ワイナリ,487,0.7214768
Lン,207,6,653.29655,365.80104,1,4,4,5,1964,,3,19000,ワイナリ,3,0.37231004
Eン,15,3,649.34706,999.75858,1,3,3,1,2008,,,70000,ワイナリーカンパニー,798,0.17896402
Nン,45,5,242.60176,841.90978,2,5,5,5,1991,,2,46000,成流製造会社,668,0.7613439
Wン,79,4,814.17691,924.86824,3,3,2,4,1990,,3,96000,ワイナリ,138,0.5126685
Eン,65,5,320.3724,528.77898,4,4,2,3,1974,,3,,ワイナリーカンパニー,708,0.12037182
Nン,46,6,850.76826,553.89108,4,2,3,3,2013,,3,74000,,706,0.662912
Rン,42,2,943.43333,644.82824,4,3,5,3,2003,,3,40000,ワイナリーカンパニー,494,0.52617025
Mン,93,4,619.11641,100.35404,4,4,2,4,1929,,4,1000,WC社,381,0.28268886
Oン,172,5,252.1183,82.66758,2,3,5,4,1940,,5,14000,ダミーカンパニー社,927,0.7980192
Hン,201,2,501.8803,774.44526,1,2,2,3,1980,,2,78000,株式会社 ワイナリ,930,0.2633661
Kン,117,3,179.25098,211.624,5,3,3,3,1953,,3,31000,ワイナリーカンパニー,777,0.32064974
Gン,138,4,591.825,538.67485,4,2,4,1,1988,,3,25000,ワイナリ社,441,0.8383185
Gン,152,4,803.60819,399.19968,1,3,4,3,1986,,2,57000,自家製,109,0.26863778
Uン,184,1,315.62455,661.3612,1,5,5,1,1968,,3,,WC社,340,0.43933105
Hン,216,6,166.87625,126.9065,2,4,1,2,1961,,3,70000,WC社,899,0.5865304
Kン,79,3,690.85074,828.53622,3,4,4,5,1971,,3,34000,ダミーカンパニー社,469,0.8659526
Bン,13,5,799.1718,672.16717,5,3,2,2,1980,,2,67000,WC社,371,0.7309077
Hン,167,3,739.32677,503.98972,5,3,5,1,,,2,74000,ワイナリーカンパニー,202,0.48200142
Oン,137,4,858.48667,724.90124,1,2,2,4,1934,,4,93000,株式会社 ワイナリ,24,0.893255
Dン,40,1,224.45181,743.92941,1,4,3,3,1919,,4,35000,ワイナリ社,798,0.67709255
Mン,171,2,704.30147,429.797,5,5,2,4,1926,,5,42000,WC社,326,0.19630146
Dン,161,2,377.48299,142.94215,3,2,5,2,,,3,55000,自家製,277,0.49915147
Aン,43,3,932.88277,821.8654,3,1,1,4,1947,,,91000,ワイナリ社,201,0.84258443
Pン,200,5,981.44068,176.31152,4,5,2,5,1979,,5,28000,ワイナリ社,148,0.047471166
Xン,29,6,39.90493,120.75782,5,3,3,4,1915,,2,84000,成流製造会社,311,0.48544085
Lン,204,3,215.28208,695.71188,3,3,1,5,2005,,2,19000,成流製造会社,532,0.750163
Iン,228,1,93.83991,667.74157,2,3,4,1,1974,,3,3000,WC社,171,0.2197538
Tン,168,2,192.68153,980.38174,2,5,3,4,1917,,5,12000,ワイナリ社,632,0.750129
Cン,87,2,925.47303,467.44238,3,3,2,1,1944,,1,14000,自家製,150,0.5874789
Nン,170,1,174.26274,183.51959,4,2,3,1,1945,,4,90000,ワイナリーカンパニー,68,0.39603472
Fン,112,5,968.50871,795.15192,1,2,3,4,1937,,3,77000,自家製,212,0.42881596
Dン,129,5,920.29457,674.74368,2,3,5,3,1925,,5,,夜月ビール社,1000,0.3760659
Aン,209,3,507.33144,822.27521,2,3,3,1,1915,,4,76000,成流製造会社,800,0.98328775
Yン,139,5,334.621,505.82951,4,2,1,4,1914,,5,63000,WC社,710,0.75537944
Dン,116,2,176.84118,500.39113,5,4,3,2,2009,,2,38000,株式会社ワイナリ,465,0.72351706
Rン,58,3,723.23734,279.251,2,5,3,1,1965,,3,22000,,741,0.59378934
Zン,34,6,31.90692,826.19637,3,1,2,5,1991,,4,69000,株式会社 ワイナリ,736,0.05791545
Sン,220,6,334.9555,805.70828,3,5,1,2,1926,,2,,成流製造会社,313,0.22550583
Yン,88,2,618.5733,346.40685,2,5,2,5,1973,,5,18000,ワイナリ社,895,0.28744006
Jン,133,2,72.63964,760.53156,4,4,4,5,1960,,3,34000,,586,0.7609665
Vン,115,6,53.3868,54.94965,4,4,4,1,1923,,2,70000,夜月ビール社,463,0.70202404
Vン,208,1,505.46071,138.84861,2,1,4,3,1998,,4,,夜月ビール社,707,0.7980064
Lン,79,4,164.95491,464.2605,3,1,5,1,1926,,2,68000,ワイナリーカンパニー,151,0.48310536
Cン,198,4,990.4199,405.4649,1,2,4,3,,,,32000,,229,0.5722847
Bン,212,4,456.955,242.6648,5,3,1,5,1978,,,23000,夜月ビール社,977,0.8069565
Gン,30,1,741.25057,109.94993,3,2,1,3,1948,,5,61000,,321,0.46697807
Xン,227,6,756.73906,528.51973,2,5,5,4,,,4,,ワイナリ,369,0.69832027
Gン,151,4,90.93471,867.68141,3,1,4,4,2002,,,34000,株式会社ワイナリ,758,0.6460894
Eン,10,6,400.14652,83.31181,4,4,1,3,1922,,2,53000,ワイナリーカンパニー,129,0.30968088
Aン,216,4,990.4589,470.81619,2,5,5,3,1980,,3,34000,ダミーカンパニー社,954,0.9376863
Kン,165,6,853.77542,792.96437,5,2,4,3,,,2,12000,株式会社ワイナリ,443,0.22772688
Uン,152,5,257.1106,584.61398,2,3,4,1,1995,,2,12000,WC社,27,0.04876387
Xン,147,1,758.94268,712.38577,2,1,3,2,1962,,5,83000,ワイナリ,393,0.57288766
Lン,221,1,241.78287,474.35433,3,2,5,3,2012,,,86000,WC社,946,0.9083053
Mン,34,1,402.75157,655.76258,3,4,5,5,1962,,5,,ワイナリ,250,0.8340824
Pン,111,5,149.85805,921.16822,1,3,3,3,1949,,3,26000,,429,0.7307545
Nン,16,4,412.44546,439.58361,5,5,2,1,2006,,1,49000,ダミーカンパニー社,33,0.53782845
Wン,139,1,688.62149,4.26892,1,2,3,4,1974,,5,73000,自家製,281,0.37114632
Pン,4,2,741.62965,658.77361,3,2,5,2,2012,,2,50000,ワイナリ社,820,0.8350324
Nン,90,6,943.30396,544.67247,3,1,1,5,1937,,2,93000,ワイナリーカンパニー,231,0.9498202
Vン,85,3,408.7456,754.62598,3,3,4,1,2009,,3,39000,自家製,979,0.5850022
Hン,31,1,134.99871,579.87854,1,4,4,4,1935,,4,58000,成流製造会社,578,0.01259011
Sン,46,1,207.31469,521.67807,2,3,2,3,2000,,4,81000,成流製造会社,468,0.97145474
Nン,227,2,702.97081,829.38616,4,5,3,5,2012,,5,21000,,816,0.45018756
Bン,66,5,866.85245,589.92258,3,5,2,3,,,,19000,,533,0.4795199
Jン,171,4,135.25989,751.74573,4,5,1,2,1964,,5,53000,WC社,482,0.35288924
Qン,31,2,684.45198,62.77679,5,5,3,3,1964,,4,60000,,25,0.72201085
Iン,220,5,179.38,854.81317,3,2,5,2,1967,,2,17000,ワイナリ,29,0.4350406
Bン,134,6,793.41358,438.23072,2,3,1,2,,,3,27000,ワイナリーカンパニー,556,0.7426445
Wン,70,5,727.55432,120.10808,4,2,5,2,1915,,,55000,,962,0.81922346
Aン,38,2,7.39667,270.87207,1,3,5,3,1941,,1,63000,ダミーカンパニー社,5,0.7987105
Aン,87,5,422.50191,687.8206,1,3,2,2,1979,,1,27000,ワイナリーカンパニー,742,0.018508017
Oン,158,1,389.51483,389.4266,2,1,5,3,,,,91000,ワイナリ社,652,0.94763297
Wン,224,1,163.95959,464.62693,2,3,5,2,1972,,,45000,夜月ビール社,885,0.58648777
Kン,93,4,173.85988,215.99476,3,2,2,2,1942,,2,85000,ワイナリ,989,0.4963885
Oン,140,3,222.6131,156.46314,3,1,4,4,1990,,4,71000,ダミーカンパニー社,312,0.12383801
Gン,30,1,523.7025,878.86497,2,4,5,1,1968,,2,71000,自家製,62,0.3381459
Mン,25,2,591.40158,716.17311,5,2,3,3,1917,,1,69000,成流製造会社,853,0.0007790923
Uン,76,2,923.64441,121.70911,3,3,4,4,2003,,5,12000,,893,0.5485755
Oン,136,4,916.98446,33.97691,4,2,2,3,1939,,1,99000,ワイナリーカンパニー,282,0.30068213
Jン,34,4,197.44209,719.4485,3,3,1,3,1925,,5,59000,ワイナリ社,347,0.934537
Hン,161,3,755.47152,822.27311,4,4,5,5,1946,,2,89000,,134,0.52927345
Bン,34,3,326.42433,199.68068,4,1,3,4,1921,,2,22000,,763,0.97686464
Jン,175,1,921.15539,415.38969,2,3,4,5,1914,,3,57000,株式会社ワイナリ,283,0.37986767
Qン,45,4,796.56988,131.8744,1,3,4,1,1955,,5,41000,ワイナリ,985,0.46913254
Tン,175,4,863.70034,405.91745,3,1,5,2,1970,,4,32000,自家製,935,0.67361563
Yン,132,6,503.37299,131.36222,1,4,3,4,1969,,2,93000,ワイナリ社,437,0.832944
Eン,233,5,757.8673,65.86561,3,4,2,2,1931,,3,5000,自家製,19,0.98886305
Vン,186,3,846.96778,166.45488,2,4,4,2,1971,,3,94000,ワイナリ社,969,0.62100655
Gン,54,2,600.47977,833.40262,5,1,4,5,2005,,5,86000,ダミーカンパニー社,937,0.5593736
Tン,195,4,695.219,7.5181,2,5,2,5,1948,,3,36000,,550,0.38427222
Kン,147,1,626.59802,284.37124,5,1,3,1,1919,,3,2000,,649,0.9439421
Vン,152,2,120.1566,843.44898,1,1,3,2,1949,,3,79000,,768,0.8673037
Rン,208,2,563.88114,411.11556,3,1,3,4,1986,,1,97000,WC社,997,0.74618256
Vン,234,5,126.97311,881.70789,5,4,2,5,1929,,4,98000,ダミーカンパニー社,631,0.515512
Lン,116,6,54.42315,359.57921,2,4,3,5,1992,,2,,ダミーカンパニー社,489,0.23377842
Dン,109,1,131.4994,325.52792,1,1,1,4,1932,,4,77000,株式会社 ワイナリ,98,0.29563463
Oン,63,1,128.4812,321.11192,2,5,5,2,1998,,3,81000,夜月ビール社,188,0.927808
Wン,42,2,179.89509,871.23664,4,5,4,1,1983,,5,44000,WC社,294,0.53601396
Gン,107,3,38.51169,307.64755,2,3,1,2,1918,,5,13000,,33,0.7787742
Cン,172,2,813.84497,907.923,5,2,4,4,1990,,5,19000,株式会社 ワイナリ,8,0.19317138
Uン,83,5,631.86177,814.97058,4,3,3,3,1917,,2,38000,WC社,813,0.20105082
Lン,146,2,702.59651,987.67098,2,5,1,3,1926,,1,40000,株式会社 ワイナリ,245,0.78674006
Mン,147,2,164.73213,81.47897,1,5,5,5,,,1,42000,成流製造会社,159,0.8359126
Eン,57,5,628.53293,983.5272,5,2,2,2,1925,,,32000,自家製,699,0.081691265
Cン,94,2,689.32499,42.7206,5,3,4,3,,,3,,株式会社 ワイナリ,470,0.28364706
Eン,27,2,667.52742,408.25966,4,4,5,2,1990,,2,56000,ワイナリーカンパニー,269,0.63863933
Rン,67,1,951.98199,25.39461,3,4,1,5,1991,,3,94000,夜月ビール社,375,0.6231463
Pン,145,1,674.27623,709.56611,3,4,5,1,1964,,1,36000,自家製,20,0.66528535
Fン,186,2,52.26864,781.93796,3,5,3,1,1965,,3,58000,自家製,46,0.82644296
Aン,114,2,997.74103,843.42786,2,5,5,1,,,3,,成流製造会社,85,0.3224439
Nン,234,6,95.83072,883.41441,1,2,1,5,1974,,5,15000,株式会社 ワイナリ,891,0.19298565
Dン,64,1,32.34274,323.15845,1,1,3,4,1999,,4,79000,株式会社ワイナリ,354,0.488047
Nン,192,6,788.15835,311.1699,3,2,5,2,,,,8000,ダミーカンパニー社,465,0.68456954
Jン,171,3,824.38724,38.23062,1,1,5,2,1946,,5,83000,WC社,352,0.44065422
Xン,16,6,3.86245,232.88775,4,5,2,3,1957,,3,8000,ワイナリ,825,0.2971818
Fン,88,4,725.55721,873.28007,5,2,1,5,1927,,3,90000,株式会社 ワイナリ,27,0.80117047
Eン,50,6,939.69175,817.65634,3,1,5,4,,,1,24000,ワイナリーカンパニー,427,0.048265398
Yン,199,2,226.37074,737.94301,4,4,4,4,1945,,1,19000,ダミーカンパニー社,314,0.5539867
Nン,128,1,275.21045,363.3531,3,1,3,4,1978,,3,59000,WC社,892,0.066239
Gン,223,2,255.948,509.75808,2,2,1,2,2008,,3,92000,ワイナリ社,66,0.09663725
Eン,233,4,942.67292,613.85986,5,4,4,4,1987,,2,8000,ダミーカンパニー社,339,0.86230624
Dン,122,4,739.98779,272.5174,4,5,1,3,1960,,4,87000,ワイナリ社,993,0.94862336
Kン,151,5,839.83392,501.81883,2,1,1,3,1996,,1,28000,株式会社ワイナリ,362,0.4597453
